date,pred,p_up,alloc,regime,btc_fwd,strat,dir_match,variant
2022-01-07,0.0435778871178627,0.5962935090065002,0.7052083087712254,BEAR,0.03592991275662505,0.025850614915940175,True,H=3
2022-01-14,-0.021731048822402954,0.3506336212158203,0.0,BEAR,-0.15361486633986654,0.0017386579126654755,True,H=3
2022-01-21,0.077193982899189,0.7008394002914429,1.0,BEAR,0.034881031331603474,0.034881031331603474,True,H=3
2022-01-28,0.041394513100385666,0.7959926724433899,0.8182373239118341,BEAR,0.10228106699020278,0.08402593702477333,True,H=3
2022-02-04,-0.01163826696574688,0.3120885193347931,0.0,BEAR,0.019230172522655353,0.0020100141164518526,False,H=3
2022-02-11,0.0011309266556054354,0.1817055493593216,0.022429163528457197,BEAR,-0.056622109972381485,0.0006949446172426152,False,H=3
2022-02-18,-0.0061786784790456295,0.17417719960212708,0.0,BEAR,-0.018893823152994815,0.0020100141164518526,True,H=3
2022-02-25,0.04634463042020798,0.5828032493591309,0.7191949074273003,BEAR,0.10048223866032857,0.0722663143314029,True,H=3
2022-02-28,0.0032278418075293303,0.30742496252059937,0.061153482709095895,BEAR,-0.09294114921223351,-0.004551872853564414,False,H=3
2022-03-04,0.007615707814693451,0.32634982466697693,0.14182988935010138,BEAR,0.07134471524695862,0.011153357824007192,True,H=3
2022-03-09,0.008073108270764351,0.3201238512992859,0.15127663668278069,BEAR,-0.0765858139784954,-0.010903677016307699,False,H=3
2022-03-11,0.03425950929522514,0.42474064230918884,0.5177530432964594,BEAR,0.07818160645728844,0.04148258592913648,True,H=3
2022-03-18,-0.0056332917883992195,0.2615906596183777,0.0,BEAR,0.061202164592668584,0.0021888639370755136,False,H=3
2022-03-25,0.00583986658602953,0.5604309439659119,0.0831919451062019,BEAR,0.04446376651992301,0.005705795312117796,True,H=3
2022-04-01,0.01595505140721798,0.3875196576118469,0.26927539836641834,BEAR,-0.08710406237731849,-0.02185552436753617,False,H=3
2022-04-08,0.0018340970855206251,0.3935460150241852,0.030503676906279854,BEAR,-0.04023737568934593,0.00046991725010172647,False,H=3
2022-04-15,-0.01187354139983654,0.5035917162895203,0.0,BEAR,-0.020781270421361242,0.0017507081948180403,True,H=3
2022-04-22,-0.059644170105457306,0.2901001572608948,0.0,BEAR,-0.0280305460853133,0.0021888639370755136,True,H=3
2022-04-29,-0.0494646355509758,0.46174106001853943,0.0,BEAR,-0.06690674267432661,0.0022597891420201854,True,H=3
2022-05-06,-0.05514229089021683,0.3418373465538025,0.0,BEAR,-0.16486638305292656,0.0004727899999998897,True,H=3
2022-05-09,-0.011952954344451427,0.48486271500587463,0.0,BEAR,-0.0262419159797197,0.0018925016050859167,True,H=3
2022-05-13,-0.0050605167634785175,0.6502526998519897,0.0,BEAR,-0.0029378172263850866,0.0023661863609196754,True,H=3
2022-05-20,-0.042895205318927765,0.5431148409843445,0.0,BEAR,-0.019561309694424933,0.0023661863609196754,True,H=3
2022-05-27,-0.026005366817116737,0.49913614988327026,0.0,BEAR,0.03738796638467612,0.0023661863609196754,False,H=3
2022-06-03,-0.06607256829738617,0.5574690699577332,0.0,BEAR,-0.02048234675781746,0.0023661863609196754,True,H=3
2022-06-10,-0.058138299733400345,0.4452821612358093,0.0,BEAR,-0.22702107942147431,0.0004727899999998897,True,H=3
2022-06-13,-0.009737645275890827,0.6029780507087708,0.0,BEAR,-0.09276746410547054,0.0009458035303839818,True,H=3
2022-06-16,-0.007269839756190777,0.7325353622436523,0.0,BEAR,0.0033086110646816103,0.0004903700000000732,False,H=3
2022-06-17,-0.03285316377878189,0.7361553907394409,0.0,BEAR,0.005139038371062998,0.0,False,H=3
2022-06-19,-0.03623851016163826,0.7071449160575867,0.0,BEAR,0.032258675998833475,0.002454255806815686,False,H=3
2022-06-24,-0.0643564835190773,0.3688634932041168,0.0,BEAR,-0.09218940477989834,0.002454255806815686,True,H=3
2022-07-01,0.01459999568760395,0.6280442476272583,0.25468595380139,BEAR,0.12007126629944298,0.03240965630739856,True,H=3
2022-07-08,-0.03796083852648735,0.2728525996208191,0.0,BEAR,-0.035411847787077844,0.002454255806815686,True,H=3
2022-07-15,-0.05876843258738518,0.3350430130958557,0.0,BEAR,0.08904399607489966,0.002454255806815686,False,H=3
2022-07-22,-0.06748096644878387,0.2727901339530945,0.0,BEAR,0.04800212300466877,0.002454255806815686,False,H=3
2022-07-29,-0.07828539609909058,0.17973068356513977,0.0,BEAR,-0.019405016036595057,0.0024893448554390574,True,H=3
2022-08-05,-0.06536165624856949,0.22431893646717072,0.0,BEAR,0.04681024106463427,0.002541980731312954,False,H=3
2022-08-12,-0.04765746742486954,0.275078147649765,0.0,BEAR,-0.1462603181159563,0.002541980731312954,True,H=3
2022-08-19,-0.06136758252978325,0.34785670042037964,0.0,BEAR,-0.028478875551432026,0.002541980731312954,True,H=3
2022-08-26,-0.05054131895303726,0.5887861251831055,0.0,BEAR,-0.014287302289159864,0.002541980731312954,True,H=3
2022-09-02,-0.039444562047719955,0.4050063192844391,0.0,BEAR,0.0705823918171038,0.00203306817664739,False,H=3
2022-09-09,-0.06581081449985504,0.15270490944385529,0.0,BEAR,-0.05554933939946938,0.0010160179420943827,True,H=3
2022-09-13,-0.049407925456762314,0.23614367842674255,0.0,BEAR,-0.018354212962802374,0.001524413957286752,True,H=3
2022-09-16,-0.06411272287368774,0.3696111738681793,0.0,BEAR,-0.02592446713426544,0.002541980731312954,True,H=3
2022-09-23,-0.043536026030778885,0.4019855856895447,0.0,BEAR,0.006879244122963701,0.002541980731312954,False,H=3
2022-09-30,-0.07325387001037598,0.21357879042625427,0.0,BEAR,0.005533756791697986,0.002541980731312954,False,H=3
2022-10-07,-0.05888878181576729,0.5007985830307007,0.0,BEAR,-0.018082865977576135,0.00203306817664739,True,H=3
2022-10-14,-0.05362582951784134,0.5777971148490906,0.0,BEAR,-0.0006549536343930518,0.002541980731312954,True,H=3
2022-10-21,0.0035655125975608826,0.6933860778808594,0.06759395620304894,BEAR,0.07448562097266964,0.007404935998875126,True,H=3
2022-10-28,-0.0022163938265293837,0.5207082629203796,0.0,BEAR,0.027034009588264185,0.00203306817664739,False,H=3
2022-11-04,-0.019276168197393417,0.4240760803222656,0.0,BEAR,-0.12300104215330443,0.0010160179420943827,True,H=3
2022-11-08,0.004553747829049826,0.6423721313476562,0.08144958685570565,BEAR,-0.14149929666047167,-0.01105854586954061,False,H=3
2022-11-09,0.005340122617781162,0.5962705612182617,0.08641197744336976,BEAR,0.10540476209915228,0.009572227009831779,True,H=3
2022-11-10,-0.03934799134731293,0.4626087248325348,0.0,BEAR,-0.03015939299420778,0.0005078800000000161,True,H=3
2022-11-11,-0.03782616928219795,0.48166951537132263,0.0,BEAR,-0.021666859008418693,0.00203306817664739,True,H=3
2022-11-18,-0.013513433746993542,0.5296677350997925,0.0,BEAR,-0.010676957806526222,0.002541980731312954,True,H=3
2022-11-25,-0.027469884604215622,0.22490663826465607,0.0,BEAR,0.034535477849721774,0.002541980731312954,False,H=3
2022-12-02,-0.027880316600203514,0.21652357280254364,0.0,BEAR,0.0020956265642606553,0.002541980731312954,False,H=3
2022-12-09,-0.03411227464675903,0.28331106901168823,0.0,BEAR,-0.02898317196541933,0.002541980731312954,True,H=3
2022-12-16,-0.07640589028596878,0.1315108984708786,0.0,BEAR,0.008801042801519054,0.002541980731312954,False,H=3
2022-12-23,-0.07268781214952469,0.13005264103412628,0.0,BEAR,-0.0101928062699288,0.002541980731312954,True,H=3
2022-12-30,-0.06938616186380386,0.14809322357177734,0.0,BEAR,0.020663580507096935,0.002541980731312954,False,H=3
2023-01-06,-0.00485713966190815,0.4569970965385437,0.0,BEAR,0.17576671101108188,0.002541980731312954,False,H=3
2023-01-13,-0.006840142421424389,0.48431259393692017,0.0,MILD,0.1373406235119803,0.002541980731312954,False,H=3
2023-01-20,-0.03899524733424187,0.45017510652542114,0.0,MILD,0.017953246120717914,0.002541980731312954,False,H=3
2023-01-27,-0.0011526212329044938,0.6503719091415405,0.0,MILD,0.015503923003047593,0.002541980731312954,False,H=3
2023-02-03,0.006832469254732132,0.6666065454483032,0.3156869226250848,MILD,-0.07710471622019566,-0.022601439926561523,False,H=3
2023-02-10,0.015316491946578026,0.7627521753311157,1.0,BULL,0.12480167804306008,0.12480167804306008,True,H=3
2023-02-15,-0.02222840115427971,0.38603731989860535,0.0,BULL,0.010110158464565089,0.0010160179420943827,False,H=3
2023-02-17,-0.028953244909644127,0.49070262908935547,0.0,BULL,-0.05635660116801122,0.001524413957286752,True,H=3
2023-02-24,-0.012989336624741554,0.5069671273231506,0.0,BULL,-0.035839534463446454,0.002541980731312954,True,H=3
2023-03-03,0.003410156350582838,0.5317152738571167,0.1051587969859716,MILD,-0.09857817318695172,-0.008091693005768041,False,H=3
2023-03-10,0.015015850774943829,0.6546746492385864,0.6836189018343907,MILD,0.19665778194195838,0.134599660560485,True,H=3
2023-03-13,-0.029264897108078003,0.17875716090202332,0.0,BULL,0.13609192866396724,0.00203306817664739,False,H=3
2023-03-17,-0.036096323281526566,0.3675089478492737,0.0,BULL,0.002166078423427864,0.002541980731312954,False,H=3
2023-03-24,-0.01694602705538273,0.522395133972168,0.0,BULL,0.03682059788442471,0.002541980731312954,False,H=3
2023-03-31,-0.019705725833773613,0.36530810594558716,0.0,BULL,-0.01963895766644086,0.00203306817664739,True,H=3
2023-04-07,-0.005825335625559092,0.6054790616035461,0.0,BULL,0.09175695980087673,0.002541980731312954,False,H=3
2023-04-14,-0.027451951056718826,0.5529084205627441,0.0,BULL,-0.10516615884829883,0.00203306817664739,True,H=3
2023-04-21,-0.016382813453674316,0.5292346477508545,0.0,BULL,0.0751521118122691,0.002541980731312954,False,H=3
2023-04-28,-0.025967847555875778,0.36456993222236633,0.0,BULL,0.0066154470740353855,0.00203306817664739,False,H=3
2023-05-05,-0.011524545028805733,0.4030933976173401,0.0,BULL,-0.09186727540965944,0.002541980731312954,True,H=3
2023-05-12,-0.011417108587920666,0.4521842896938324,0.0,MILD,0.003181562537203808,0.002541980731312954,False,H=3
2023-05-19,-0.0392141230404377,0.21703186631202698,0.0,MILD,-0.006485800360562011,0.002541980731312954,True,H=3
2023-05-26,-0.019548462703824043,0.5146644711494446,0.0,MILD,0.020095544358704087,0.002541980731312954,False,H=3
2023-06-02,-0.020887702703475952,0.3896559178829193,0.0,MILD,-0.02807295488424555,0.00203306817664739,True,H=3
2023-06-09,-0.013768881559371948,0.40295109152793884,0.0,MILD,-0.005015898218168391,0.002541980731312954,True,H=3
2023-06-16,-0.015415030531585217,0.3588488698005676,0.0,MILD,0.16486999430631988,0.002541980731312954,False,H=3
2023-06-23,-0.029565459117293358,0.3782285749912262,0.0,BULL,-0.007054759926356735,0.002541980731312954,True,H=3
2023-06-30,-0.004665321670472622,0.5817080140113831,0.0,BULL,-0.004177605670779738,0.002541980731312954,True,H=3
2023-07-07,0.011205493472516537,0.693557620048523,1.0,BULL,-0.0010772886204181154,-0.0010772886204181154,False,H=3
2023-07-14,0.012617161497473717,0.6550548672676086,1.0,BULL,-0.013535559007799125,-0.013535559007799125,False,H=3
2023-07-21,0.002143357414752245,0.5910733342170715,0.1707718565317767,BULL,-0.019650374627279033,-0.0012478489940867228,False,H=3
2023-07-28,0.002393051516264677,0.5323816537857056,0.14815352986229496,BULL,-0.006827762984007002,0.0011239280743678777,False,H=3
2023-08-04,0.026316558942198753,0.7031763195991516,1.0,MILD,0.010717871373865151,0.010717871373865151,True,H=3
2023-08-11,-0.001364771043881774,0.6231361627578735,0.0,MILD,-0.11459343988978465,0.002454255806815686,True,H=3
2023-08-18,0.04930833354592323,0.8200891613960266,0.97812768617895,BEAR,0.00023067475243720992,0.00027930961506511726,True,H=3
2023-08-25,0.030358240008354187,0.7917484045028687,0.5996258732842293,BEAR,-0.009783572607992008,-0.004883862743515934,False,H=3
2023-09-01,0.020571749657392502,0.7045602202415466,0.39315511456505653,BEAR,0.004086409443113004,0.002797782706403384,True,H=3
2023-09-08,0.0076782614924013615,0.7094141244888306,0.14720164719435133,BEAR,0.026610833445900317,0.006010143825867178,True,H=3
2023-09-15,-0.00031093458528630435,0.6620598435401917,0.0,BEAR,-0.0007466165413534398,0.0024190270999451258,True,H=3
2023-09-22,0.004436645656824112,0.581024706363678,0.06843506708654941,BEAR,0.012295646298326579,0.0030457096178693214,True,H=3
2023-09-29,0.006837246008217335,0.5633928775787354,0.09863339505149546,BEAR,0.03806189922607395,0.0058869757095931854,True,H=3
2023-10-06,0.031919222325086594,0.6191543340682983,0.5468386954806446,BEAR,-0.03827598564896684,-0.02007318156435119,False,H=3
2023-10-13,0.023580053821206093,0.6433135867118835,0.4223853044587974,BEAR,0.10449854813491188,0.045505395083923414,True,H=3
2023-10-20,0.017478810623288155,0.6658188104629517,0.806861600362035,MILD,0.11462959367744951,0.09258153130740154,True,H=3
2023-10-23,0.02412702515721321,0.652946412563324,1.0,MILD,0.024857279968938606,0.024857279968938606,True,H=3
2023-10-27,0.02353876270353794,0.6693876385688782,1.0,MILD,0.02433493193973102,0.02433493193973102,True,H=3
2023-11-03,0.018382087349891663,0.7990835905075073,1.0,BULL,0.07445534983371149,0.07445534983371149,True,H=3
2023-11-10,-0.012781968340277672,0.34825852513313293,0.0,BULL,-0.018436459747201428,0.0018217632370527426,True,H=3
2023-11-17,0.013832271099090576,0.6101784110069275,1.0,BULL,0.030033659329566476,0.030033659329566476,True,H=3
2023-11-24,0.006038981024175882,0.6020828485488892,0.49651781375112586,BULL,0.025692343631217973,0.013903498931529387,True,H=3
2023-12-01,0.01569059118628502,0.4873124957084656,0.8589579681801617,BULL,0.14188501679828525,0.12219452033611758,True,H=3
2023-12-08,-0.004846850875765085,0.644424557685852,0.0,BULL,-0.05050124527433042,0.0022421780551329373,True,H=3
2023-12-15,0.022534053772687912,0.7923421859741211,1.0,BULL,0.04837209080526361,0.04837209080526361,True,H=3
2023-12-22,-0.002553849946707487,0.4916157126426697,0.0,BULL,-0.04325975732015086,0.0017507081948180403,True,H=3
2023-12-29,0.004117455333471298,0.6703945398330688,0.3820875408826971,BULL,0.049401252051789024,0.019957387318851192,True,H=3
2024-01-05,-0.012096041813492775,0.4096057415008545,0.0,BULL,-0.030861402316134212,0.0021888639370755136,True,H=3
2024-01-12,0.003927965648472309,0.4875277876853943,0.21471629392484232,BULL,-0.026265271056802653,-0.003920702475647172,False,H=3
2024-01-19,0.017169971019029617,0.6841362714767456,0.8074951182938913,MILD,0.003948243634093407,0.003609554453642848,True,H=3
2024-01-26,0.008872969076037407,0.4323712885379791,0.325587541410379,MILD,0.032911871815636706,0.012167814611278869,True,H=3
2024-02-02,0.021571466699242592,0.7597976326942444,1.0,BULL,0.09103634259259241,0.09103634259259241,True,H=3
2024-02-09,0.015614189207553864,0.6595935225486755,1.0,BULL,0.10589956838946679,0.10589956838946679,True,H=3
2024-02-16,-0.0007511052535846829,0.6822704672813416,0.0,BULL,-0.026474504792503906,0.002099611128611123,True,H=3
2024-02-23,0.031829703599214554,0.7168523669242859,1.0,BULL,0.23033098396563934,0.23033098396563934,True,H=3
2024-02-28,-0.0014854513574391603,0.5215801000595093,0.0,BULL,-0.0007079691376711272,0.0008393160389850163,True,H=3
2024-03-01,-0.03812776505947113,0.2739908695220947,0.0,BULL,0.0938933671433082,0.00041957000000003575,False,H=3
2024-03-04,-0.048189833760261536,0.20928922295570374,0.0,BULL,-0.0017806247454968949,0.0016793365293834572,True,H=3
2024-03-08,-0.04527096450328827,0.1811758577823639,0.0,BULL,0.020193414409771293,0.002099611128611123,False,H=3
2024-03-15,-0.03480071574449539,0.2465641051530838,0.0,BULL,-0.10881246506287434,0.0008393160389850163,True,H=3
2024-03-19,0.007166707422584295,0.547755241394043,0.4814580018514909,BULL,0.09530768162693293,0.04610421062336437,True,H=3
2024-03-20,-0.018175261095166206,0.44396868348121643,0.0,BULL,-0.05960848466498847,0.0008035213468222668,True,H=3
2024-03-22,-3.775698132812977e-06,0.4330723285675049,0.0,BULL,0.09489371227074028,0.0016076883401994202,False,H=3
2024-03-29,-0.009037678129971027,0.6204332113265991,0.0,BULL,-0.029060906329428482,0.0020100141164518526,True,H=3
2024-04-05,-0.024737421423196793,0.35865968465805054,0.0,BULL,-0.010381798338027437,0.0020100141164518526,True,H=3
2024-04-12,-0.019888561218976974,0.3539792001247406,0.0,BULL,-0.049146022469579775,0.0020100141164518526,True,H=3
2024-04-19,0.002054957440122962,0.2723983824253082,0.09947432120117444,MILD,-0.0007521387771257659,0.0017352508323093593,False,H=3
2024-04-26,0.011377562768757343,0.5187537670135498,0.32418459478696493,MILD,-0.013925040940090838,-0.0034277832074671027,False,H=3
2024-05-03,0.003865606617182493,0.5712400674819946,0.14386449865601048,MILD,-0.0331099467081285,-0.0030579022850040494,False,H=3
2024-05-10,-0.009696033783257008,0.25186997652053833,0.0,MILD,0.10236860236325707,0.0019650427386139757,False,H=3
2024-05-17,-0.008467793464660645,0.500064492225647,0.0,BULL,0.022767814514203844,0.0019650427386139757,False,H=3
2024-05-24,-0.015360193327069283,0.49054884910583496,0.0,BULL,-0.014733481361558387,0.0015717255220015769,True,H=3
2024-05-31,-0.0021344837732613087,0.5758573412895203,0.0,BULL,0.026881695753376622,0.0019650427386139757,False,H=3
2024-06-07,-0.01287766546010971,0.4908038079738617,0.0,BULL,-0.04774827122827863,0.0019650427386139757,True,H=3
2024-06-14,-0.012482126243412495,0.5223323702812195,0.0,BULL,-0.028775214822726602,0.0019650427386139757,True,H=3
2024-06-21,-0.0061020501889288425,0.4672500193119049,0.0,MILD,-0.05792818484037998,0.0019650427386139757,True,H=3
2024-06-28,-0.004299596883356571,0.3117448389530182,0.0,MILD,-0.06286920068630608,0.0019650427386139757,True,H=3
2024-07-05,0.005723506212234497,0.7323208451271057,0.11106492893129369,BEAR,0.02225564063791574,0.004218616552273383,True,H=3
2024-07-12,0.01810113713145256,0.6061939001083374,0.30084991908856856,BEAR,0.15151211540687282,0.046956267450791934,True,H=3
2024-07-19,-0.0029863889794796705,0.3411543369293213,0.0,BULL,0.018721722172217348,0.0019650427386139757,False,H=3
2024-07-26,-0.005201368127018213,0.358647882938385,0.0,BULL,-0.09438742039044301,0.0019650427386139757,True,H=3
2024-08-02,-0.002200139220803976,0.38487860560417175,0.0,MILD,0.003051464974739959,0.0015717255220015769,False,H=3
2024-08-08,0.01578911952674389,0.3106597065925598,0.2983527520713871,BEAR,-0.013747043696631933,-0.003825931445474247,False,H=3
2024-08-09,0.01769733987748623,0.27302709221839905,0.3425666254793067,BEAR,-0.03227243372110089,-0.009763574037117747,False,H=3
2024-08-16,0.028214776888489723,0.3548201024532318,0.5068665447645901,BEAR,0.08768874862844078,0.04541552134740644,True,H=3
2024-08-23,0.009533153846859932,0.4728868901729584,0.28613548348262996,MILD,-0.07672488695640223,-0.020550938339883647,False,H=3
2024-08-30,0.002275537233799696,0.4239621162414551,0.034487312153865836,BEAR,-0.087291470010735,-0.0011131744783383281,False,H=3
2024-09-06,0.02702764794230461,0.7103291749954224,0.5184458767715611,BEAR,0.12110211873067778,0.0637311685573196,True,H=3
2024-09-13,0.003160643158480525,0.32280468940734863,0.05907229749021129,BEAR,0.044679989421138044,0.004505238474512296,True,H=3
2024-09-20,0.011399999260902405,0.6407687664031982,0.20338030451676156,BEAR,0.04064647660125886,0.009867909622062337,True,H=3
2024-09-27,0.0006691849557682872,0.3405686020851135,0.030654513151692916,MILD,-0.056012662317669326,0.0002313572186056624,False,H=3
2024-10-04,0.006143148057162762,0.5151068568229675,0.06836212356805683,BEAR,0.007312437586573406,0.002372499044926467,True,H=3
2024-10-11,-0.0026554556097835302,0.5402176976203918,0.0,BEAR,0.09414774544291649,0.0020100141164518526,False,H=3
2024-10-18,-0.018382815644145012,0.3570730686187744,0.0,MILD,-0.025277225697083017,0.0020100141164518526,True,H=3
2024-10-25,-0.0160989910364151,0.23299114406108856,0.0,MILD,0.04194527809017101,0.0020100141164518526,False,H=3
2024-11-01,-0.012748898938298225,0.27376437187194824,0.0,BULL,0.08742919197807208,0.0012055241052768562,False,H=3
2024-11-06,0.009531335905194283,0.5123737454414368,0.5206671360096994,BULL,0.01240922728116578,0.006863388589337697,True,H=3
2024-11-08,0.01451139710843563,0.6011109352111816,1.0,BULL,0.15864912956226007,0.15864912956226007,True,H=3
2024-11-11,0.01577732525765896,0.5701979398727417,1.0,BULL,0.02689378518339791,0.02689378518339791,True,H=3
2024-11-15,-0.0018907103221863508,0.6858409643173218,0.0,BULL,0.0863424285529264,0.0016793365293834572,False,H=3
2024-11-22,-0.002601679414510727,0.5212753415107727,0.0,BULL,-0.014480443311895796,0.002099611128611123,True,H=3
2024-11-29,-0.017670011147856712,0.3538435101509094,0.0,BULL,0.02340283193104864,0.002099611128611123,False,H=3
2024-12-06,-0.02046772837638855,0.2835772633552551,0.0,BULL,0.016877840611729367,0.0021708518291307932,False,H=3
2024-12-13,-0.0105244480073452,0.38134709000587463,0.0,BULL,-0.035679928616676904,0.002277722376154756,True,H=3
2024-12-20,-0.005436098203063011,0.45814579725265503,0.0,BULL,-0.03585086882692823,0.0018217632370527426,True,H=3
2024-12-27,0.03459445759654045,0.7635077834129333,1.0,MILD,0.041094272125598685,0.041094272125598685,True,H=3
2025-01-03,-0.027035007253289223,0.1982695609331131,0.0,BULL,-0.03512196384018684,0.002277722376154756,True,H=3
2025-01-10,-0.0058800457045435905,0.539879322052002,0.0,MILD,0.09872008889629269,0.002277722376154756,False,H=3
2025-01-17,0.0037956673186272383,0.6713639497756958,0.35259320866913163,BULL,0.007619515768444884,0.004161202448389897,True,H=3
2025-01-24,-0.005350986961275339,0.6040130853652954,0.0,BULL,-0.023275754382786396,0.002348332017581889,True,H=3
2025-01-31,-0.009616567753255367,0.5921028852462769,0.0,BULL,-0.057822761320072025,0.002454255806815686,True,H=3
2025-02-07,0.0005151199293322861,0.5162534117698669,0.01444010394616133,MILD,0.010296476517716924,0.0025674982890498393,True,H=3
2025-02-14,-0.0032651841174811125,0.4156842827796936,0.0,MILD,-0.013523010348256759,0.002454255806815686,True,H=3
2025-02-21,0.0066103688441216946,0.49621954560279846,0.16994362799905688,MILD,-0.12301722214493815,-0.018868822366709035,False,H=3
2025-02-28,0.02471351996064186,0.7831794619560242,1.0,MILD,0.11760601133800441,0.11760601133800441,True,H=3
2025-03-02,-0.0033816031645983458,0.4365679621696472,0.0,MILD,-0.08538654927336375,0.0,True,H=3
2025-03-03,0.007317665033042431,0.47995463013648987,0.21023976324027055,MILD,0.006740151803611649,0.002579441918143784,True,H=3
2025-03-07,-0.00512304250150919,0.48451775312423706,0.0,MILD,-0.03247111953388038,0.002454255806815686,True,H=3
2025-03-14,0.013291584327816963,0.5396538972854614,0.4282998173698626,MILD,0.0012572752645767515,0.001981618786488475,True,H=3
2025-03-21,0.013225329108536243,0.6061043739318848,0.2197616592848185,BEAR,0.003990900570694622,0.0029285361489417984,True,H=3
2025-03-28,-0.00911974348127842,0.38670143485069275,0.0,BEAR,-0.006331228017309787,0.0026293109559378802,True,H=3
2025-04-04,-0.016609977930784225,0.31169790029525757,0.0,BEAR,-0.015194325608085868,0.0015767579967480572,True,H=3
2025-04-09,-0.031815897673368454,0.19169525802135468,0.0,BEAR,0.009787784865791016,0.0010508959505961535,False,H=3
2025-04-11,-0.028645360842347145,0.18257184326648712,0.0,BEAR,0.012596519172457299,0.0021028962834912512,False,H=3
2025-04-18,-0.0027453750371932983,0.530381441116333,0.0,BEAR,0.12031994435256266,0.0021028962834912512,False,H=3
2025-04-25,-0.0012957953149452806,0.5580361485481262,0.0,MILD,0.023758361803017713,0.0021028962834912512,False,H=3
2025-05-02,0.012003280222415924,0.4913243353366852,0.31958007787802545,MILD,0.06280348454913631,0.02188343846612307,True,H=3
2025-05-09,0.017336953431367874,0.31116238236427307,0.8186599371540902,MILD,0.004777124342260297,0.004403404606187876,True,H=3
2025-05-16,0.04912636801600456,0.612383246421814,1.0,MILD,0.03725357346862057,0.03725357346862057,True,H=3
2025-05-23,0.016121361404657364,0.5342276692390442,1.0,BULL,-0.031055467706812445,-0.031055467706812445,False,H=3
2025-05-30,0.018030785024166107,0.6452979445457458,1.0,BULL,0.002913483690222929,0.002913483690222929,True,H=3
2025-06-06,0.013656489551067352,0.5560681223869324,0.9541521346956802,BULL,0.017050307780996476,0.01639312166540897,True,H=3
2025-06-13,-0.007344129495322704,0.4331444799900055,0.0,BULL,-0.026102470155776603,0.002181071608220453,True,H=3
2025-06-20,0.00166912074200809,0.6227533221244812,0.07203110288921993,MILD,0.0362988669963471,0.005175462135972569,True,H=3
2025-06-27,0.015427535399794579,0.5419623255729675,1.0,BULL,0.008749846680341067,0.008749846680341067,True,H=3
2025-07-04,0.01980862393975258,0.7202095985412598,1.0,BULL,0.08837789662639661,0.08837789662639661,True,H=3
2025-07-11,-0.022601166740059853,0.30848950147628784,0.0,BULL,0.0033794597799359227,0.002759591103289827,False,H=3
2025-07-18,-0.008399894461035728,0.230438232421875,0.0,BULL,-0.0026332874396945982,0.002759591103289827,True,H=3
2025-07-25,-0.0022435488644987345,0.4458385407924652,0.0,BULL,-0.03669944584124163,0.002759591103289827,True,H=3
2025-08-01,-0.01840836927294731,0.3235553205013275,0.0,BULL,0.029804692813010902,0.002759591103289827,False,H=3
2025-08-08,-0.022648341953754425,0.31533294916152954,0.0,BULL,0.005719404217228163,0.002759591103289827,False,H=3
2025-08-15,-0.03930467739701271,0.22440621256828308,0.0,BULL,-0.0034604815579751813,0.002759591103289827,True,H=3
2025-08-22,-0.03838479518890381,0.17630894482135773,0.0,BULL,-0.07319038390148325,0.002759591103289827,True,H=3
2025-08-29,-0.022942816838622093,0.48075971007347107,0.0,MILD,0.021061494370597567,0.002759591103289827,False,H=3
2025-09-05,-0.03519778698682785,0.31306979060173035,0.0,MILD,0.048521873172046925,0.002759591103289827,False,H=3
2025-09-12,-0.02800644561648369,0.3934873044490814,0.0,BULL,-0.003421890758395496,0.002759591103289827,True,H=3
2025-09-19,-0.03936406970024109,0.2991577982902527,0.0,BULL,-0.05179275908703085,0.002759591103289827,True,H=3
2025-09-26,-0.03956335783004761,0.36895322799682617,0.0,MILD,0.11481341431581948,0.002759591103289827,False,H=3
2025-10-03,-0.036159951239824295,0.24768522381782532,0.0,BULL,-0.07737335558609859,0.002759591103289827,True,H=3
2025-10-10,-0.005508250556886196,0.4250272810459137,0.0,MILD,-0.056243388354636936,0.002759591103289827,True,H=3
2025-10-17,0.03653460741043091,0.786150336265564,0.7208354052968476,BEAR,0.04296850336290858,0.0317435986684975,True,H=3
2025-10-24,-0.017632953822612762,0.37593215703964233,0.0,MILD,-0.0125839501304853,0.002759591103289827,True,H=3
2025-10-31,-0.03575419634580612,0.28369274735450745,0.0,MILD,-0.05719408645408297,0.002759591103289827,True,H=3
2025-11-07,-0.014157308265566826,0.503569483757019,0.0,BEAR,-0.08462510020410474,0.002759591103289827,True,H=3
2025-11-14,0.013291877694427967,0.7771113514900208,0.26173882506207474,BEAR,-0.10005465462925778,-0.02455879784169308,False,H=3
2025-11-21,0.04673411697149277,0.8605948686599731,0.9305169189392576,BEAR,0.06767659550874483,0.06316596202942003,True,H=3
2025-11-28,0.0029246038757264614,0.7305585145950317,0.05670689944734885,BEAR,-0.017170733639415348,0.0016294041821522357,False,H=3
2025-12-05,-7.546071719843894e-05,0.5918280482292175,0.0,BEAR,0.01050464099198889,0.002759591103289827,False,H=3
2025-12-12,-0.006081129424273968,0.5048878788948059,0.0,BEAR,-0.023612687582213132,0.002759591103289827,True,H=3
2025-12-19,0.008005766198039055,0.677540123462677,0.14967803664612067,BEAR,-0.008706678493716757,0.0005735167288417825,False,H=3
2025-12-26,0.00193799939006567,0.5051301121711731,0.02012528773108303,BEAR,0.030051313066015384,0.0027674378441913065,True,H=3
2026-01-02,-0.0012553669512271881,0.5066653490066528,0.0,BEAR,0.007179832953183141,0.002759591103289827,False,H=3
2026-01-09,0.012978114187717438,0.4860702157020569,0.1432907015720997,BEAR,0.054165828196600874,0.01012562688157206,True,H=3
2026-01-16,0.019642911851406097,0.6196123957633972,0.33685225603982405,BEAR,-0.062277566290818376,-0.019148322091332645,False,H=3
2026-01-23,0.020566757768392563,0.6851309537887573,0.3872384222810044,BEAR,-0.059595474388132286,-0.021386686078837175,False,H=3
2026-01-30,-0.005140791181474924,0.5670525431632996,0.0,BEAR,-0.2533883911664886,0.00220706432665585,True,H=3
2026-02-05,0.045479513704776764,0.8770192861557007,0.9064187504936253,BEAR,0.12192683309102881,0.11056835998068051,True,H=3
2026-02-06,0.019083604216575623,0.8291470408439636,0.3789532392020307,BEAR,-0.024458680089871954,-0.007554860930838151,False,H=3
2026-02-13,0.02813483402132988,0.787467360496521,0.5552526470487792,BEAR,-0.012111866913682379,-0.00598915956737782,False,H=3
2026-02-20,0.016011880710721016,0.7331939935684204,0.3108316722326798,BEAR,-0.03157761958576588,-0.007913501514995208,False,H=3
2026-02-27,0.03691243380308151,0.8118991851806641,0.7314512582402701,BEAR,0.03403443946678486,0.025635618290041923,True,H=3
2026-03-06,0.003872982691973448,0.587531566619873,0.06103900540989797,BEAR,0.04134214953103621,0.005114632095888742,True,H=3
2026-03-13,0.02412276528775692,0.7314762473106384,0.4679260175053597,BEAR,-0.005911039052587164,-0.0013068474905938087,False,H=3
2026-03-20,0.012999951839447021,0.6991394758224487,0.24751585236484747,BEAR,-0.05819610717404289,-0.012360526716524513,False,H=3
2026-03-27,0.019371211528778076,0.8112640380859375,0.383823195065619,BEAR,0.008387935780534983,0.0045580714350857785,True,H=3
2026-04-03,0.03513745218515396,0.909034252166748,0.7012311497861297,BEAR,0.08957608755710122,0.06362507268400235,True,H=3
2026-04-10,0.0349699929356575,0.86943519115448,0.6966685472361445,BEAR,0.05632055831267224,0.04006068450494948,True,H=3
2026-04-17,0.01842896081507206,0.7354022860527039,0.35809608875943794,BEAR,-0.009547565912393696,-0.0030706104339272957,False,H=3
2022-01-07,0.05816546827554703,0.759750485420227,1.0,BEAR,0.03592991275662505,0.03592991275662505,True,H=7_sameK
2022-01-14,-0.008021198213100433,0.4009063243865967,0.0,BEAR,-0.15361486633986654,0.0017386579126654755,True,H=7_sameK
2022-01-21,0.1257534623146057,0.8883966207504272,1.0,BEAR,0.034881031331603474,0.034881031331603474,True,H=7_sameK
2022-01-28,0.09527166932821274,0.7452982664108276,1.0,BEAR,0.10228106699020278,0.10228106699020278,True,H=7_sameK
2022-02-04,0.044647928327322006,0.333221971988678,0.8253248486215189,BEAR,0.019230172522655353,0.01622223874629033,True,H=7_sameK
2022-02-11,0.04804021120071411,0.3121247887611389,0.9066606106752062,BEAR,-0.056622109972381485,-0.051149423315114254,False,H=7_sameK
2022-02-18,0.030805498361587524,0.39362630248069763,0.5122358546679798,BEAR,-0.018893823152994815,-0.008697680833103532,False,H=7_sameK
2022-02-25,0.11263096332550049,0.7525975108146667,1.0,BEAR,0.10048223866032857,0.10048223866032857,True,H=7_sameK
2022-02-28,0.035385612398386,0.7460101246833801,0.6904723884927494,BEAR,-0.09294114921223351,-0.06380015428891113,False,H=7_sameK
2022-03-04,0.04636401683092117,0.576667308807373,0.7042811701352709,BEAR,0.07134471524695862,0.050603235714881914,True,H=7_sameK
2022-03-09,0.06042221188545227,0.5405006408691406,0.7823135697677543,BEAR,-0.0765858139784954,-0.059739205833480774,False,H=7_sameK
2022-03-11,0.11294040828943253,0.6195433139801025,1.0,BEAR,0.07818160645728844,0.07818160645728844,True,H=7_sameK
2022-03-18,0.04940548911690712,0.46533316373825073,0.6196914306474756,BEAR,0.061202164592668584,0.038758900647569594,True,H=7_sameK
2022-03-25,0.0425402894616127,0.762236475944519,0.8344717416061642,BEAR,0.04446376651992301,0.0374660755216152,True,H=7_sameK
2022-04-01,0.012031381018459797,0.3339000642299652,0.2222301271508299,BEAR,-0.08710406237731849,-0.017654714431441954,False,H=7_sameK
2022-04-08,0.01986640691757202,0.4109223484992981,0.31462767642228445,BEAR,-0.04023737568934593,-0.011459905075080438,False,H=7_sameK
2022-04-15,0.02517807111144066,0.6046436429023743,0.41681509628184005,BEAR,-0.020781270421361242,-0.007640960641505087,False,H=7_sameK
2022-04-22,-0.08588463068008423,0.3998468518257141,0.0,BEAR,-0.0280305460853133,0.0021888639370755136,True,H=7_sameK
2022-04-29,-0.0622452087700367,0.5413464307785034,0.0,BEAR,-0.06690674267432661,0.0022597891420201854,True,H=7_sameK
2022-05-06,-0.06585761904716492,0.44555944204330444,0.0,BEAR,-0.16486638305292656,0.0004727899999998897,True,H=7_sameK
2022-05-09,0.004600430838763714,0.8248884081840515,0.09131028619512822,BEAR,-0.0262419159797197,-0.0006764601165159324,False,H=7_sameK
2022-05-13,0.027266334742307663,0.7607840895652771,0.534631271202811,BEAR,-0.0029378172263850866,-0.00046949981942533896,False,H=7_sameK
2022-05-20,-0.060574792325496674,0.6581036448478699,0.0,BEAR,-0.019561309694424933,0.0023661863609196754,True,H=7_sameK
2022-05-27,-0.0534956268966198,0.6782750487327576,0.0,BEAR,0.03738796638467612,0.0023661863609196754,False,H=7_sameK
2022-06-03,-0.10125663131475449,0.5818825960159302,0.0,BEAR,-0.02048234675781746,0.0023661863609196754,True,H=7_sameK
2022-06-10,-0.061984140425920486,0.7342935800552368,0.0,BEAR,-0.22702107942147431,0.0004727899999998897,True,H=7_sameK
2022-06-13,0.03479056805372238,0.9285162091255188,0.6946886788514264,BEAR,-0.09276746410547054,-0.06415574255441793,False,H=7_sameK
2022-06-16,0.03808252513408661,0.80316162109375,0.7536658223527242,BEAR,0.0033086110646816103,0.002614381969601501,True,H=7_sameK
2022-06-17,0.010607835836708546,0.8088070750236511,0.21011144237273263,BEAR,0.005139038371062998,0.0010797707645528649,True,H=7_sameK
2022-06-19,0.009079920127987862,0.8095006942749023,0.179865669650435,BEAR,0.032258675998833475,0.007815047803195911,True,H=7_sameK
2022-06-24,-0.0696941390633583,0.5675948858261108,0.0,BEAR,-0.09218940477989834,0.002454255806815686,True,H=7_sameK
2022-07-01,-0.02876271866261959,0.6735736131668091,0.0,BEAR,0.12007126629944298,0.002454255806815686,False,H=7_sameK
2022-07-08,-0.07651256024837494,0.3408580422401428,0.0,BEAR,-0.035411847787077844,0.002454255806815686,True,H=7_sameK
2022-07-15,-0.11618821322917938,0.25298818945884705,0.0,BEAR,0.08904399607489966,0.002454255806815686,False,H=7_sameK
2022-07-22,-0.16232594847679138,0.2539900839328766,0.0,BEAR,0.04800212300466877,0.002454255806815686,False,H=7_sameK
2022-07-29,-0.15735945105552673,0.22785821557044983,0.0,BEAR,-0.019405016036595057,0.0024893448554390574,True,H=7_sameK
2022-08-05,-0.11727748066186905,0.27843421697616577,0.0,BEAR,0.04681024106463427,0.002541980731312954,False,H=7_sameK
2022-08-12,-0.14159277081489563,0.21036270260810852,0.0,BEAR,-0.1462603181159563,0.002541980731312954,True,H=7_sameK
2022-08-19,-0.1257491558790207,0.41688570380210876,0.0,BEAR,-0.028478875551432026,0.002541980731312954,True,H=7_sameK
2022-08-26,-0.09109655767679214,0.49273061752319336,0.0,BEAR,-0.014287302289159864,0.002541980731312954,True,H=7_sameK
2022-09-02,-0.1268005520105362,0.19902321696281433,0.0,BEAR,0.0705823918171038,0.00203306817664739,False,H=7_sameK
2022-09-09,-0.12174246460199356,0.1361154168844223,0.0,BEAR,-0.05554933939946938,0.0010160179420943827,True,H=7_sameK
2022-09-13,-0.1588006466627121,0.19595679640769958,0.0,BEAR,-0.018354212962802374,0.001524413957286752,True,H=7_sameK
2022-09-16,-0.14168375730514526,0.24611063301563263,0.0,BEAR,-0.02592446713426544,0.002541980731312954,True,H=7_sameK
2022-09-23,-0.10365922749042511,0.36388978362083435,0.0,BEAR,0.006879244122963701,0.002541980731312954,False,H=7_sameK
2022-09-30,-0.15125219523906708,0.24698896706104279,0.0,BEAR,0.005533756791697986,0.002541980731312954,False,H=7_sameK
2022-10-07,-0.17884771525859833,0.3054618835449219,0.0,BEAR,-0.018082865977576135,0.00203306817664739,True,H=7_sameK
2022-10-14,-0.07123963534832001,0.6709879040718079,0.0,BEAR,-0.0006549536343930518,0.002541980731312954,True,H=7_sameK
2022-10-21,-0.009849059395492077,0.7635634541511536,0.0,BEAR,0.07448562097266964,0.002541980731312954,False,H=7_sameK
2022-10-28,-0.030136603862047195,0.6165513396263123,0.0,BEAR,0.027034009588264185,0.00203306817664739,False,H=7_sameK
2022-11-04,-0.05995773524045944,0.4105042815208435,0.0,BEAR,-0.12300104215330443,0.0010160179420943827,True,H=7_sameK
2022-11-08,-0.0174495168030262,0.5560340881347656,0.0,BEAR,-0.14149929666047167,0.0005078800000000161,True,H=7_sameK
2022-11-09,0.0055260127410292625,0.6991618871688843,0.10521560723363828,BEAR,0.10540476209915228,0.011544669146977682,True,H=7_sameK
2022-11-10,-0.017566349357366562,0.6043789386749268,0.0,BEAR,-0.03015939299420778,0.0005078800000000161,True,H=7_sameK
2022-11-11,-0.018242737278342247,0.5398119688034058,0.0,BEAR,-0.021666859008418693,0.00203306817664739,True,H=7_sameK
2022-11-18,-0.03270724415779114,0.3089820444583893,0.0,BEAR,-0.010676957806526222,0.002541980731312954,True,H=7_sameK
2022-11-25,-0.0623662956058979,0.3109056353569031,0.0,BEAR,0.034535477849721774,0.002541980731312954,False,H=7_sameK
2022-12-02,-0.0684388279914856,0.11854245513677597,0.0,BEAR,0.0020956265642606553,0.002541980731312954,False,H=7_sameK
2022-12-09,-0.0461009219288826,0.4865223467350006,0.0,BEAR,-0.02898317196541933,0.002541980731312954,True,H=7_sameK
2022-12-16,-0.17151954770088196,0.17632374167442322,0.0,BEAR,0.008801042801519054,0.002541980731312954,False,H=7_sameK
2022-12-23,-0.16263428330421448,0.14088785648345947,0.0,BEAR,-0.0101928062699288,0.002541980731312954,True,H=7_sameK
2022-12-30,-0.15107299387454987,0.1729021519422531,0.0,BEAR,0.020663580507096935,0.002541980731312954,False,H=7_sameK
2023-01-06,-0.009161918424069881,0.28345364332199097,0.0,BEAR,0.17576671101108188,0.002541980731312954,False,H=7_sameK
2023-01-13,-0.047019802033901215,0.2956530451774597,0.0,MILD,0.1373406235119803,0.002541980731312954,False,H=7_sameK
2023-01-20,-0.03846387192606926,0.355154812335968,0.0,MILD,0.017953246120717914,0.002541980731312954,False,H=7_sameK
2023-01-27,0.021500032395124435,0.8470121622085571,1.0,MILD,0.015503923003047593,0.015503923003047593,True,H=7_sameK
2023-02-03,-0.017611611634492874,0.6514151096343994,0.0,MILD,-0.07710471622019566,0.002541980731312954,True,H=7_sameK
2023-02-10,0.04112439230084419,0.8789132833480835,1.0,BULL,0.12480167804306008,0.12480167804306008,True,H=7_sameK
2023-02-15,-0.00531248701736331,0.4955969750881195,0.0,BULL,0.010110158464565089,0.0010160179420943827,False,H=7_sameK
2023-02-17,-0.014399799518287182,0.5063682794570923,0.0,BULL,-0.05635660116801122,0.001524413957286752,True,H=7_sameK
2023-02-24,-0.0043106661178171635,0.5025431513786316,0.0,BULL,-0.035839534463446454,0.002541980731312954,True,H=7_sameK
2023-03-03,0.03066936694085598,0.7087410688400269,1.0,MILD,-0.09857817318695172,-0.09857817318695172,False,H=7_sameK
2023-03-10,0.03540526703000069,0.8021966218948364,1.0,MILD,0.19665778194195838,0.19665778194195838,True,H=7_sameK
2023-03-13,-0.05436576530337334,0.4912661612033844,0.0,BULL,0.13609192866396724,0.00203306817664739,False,H=7_sameK
2023-03-17,-0.05725237727165222,0.5334941148757935,0.0,BULL,0.002166078423427864,0.002541980731312954,False,H=7_sameK
2023-03-24,-0.03547251969575882,0.49794548749923706,0.0,BULL,0.03682059788442471,0.002541980731312954,False,H=7_sameK
2023-03-31,-0.04300152510404587,0.49577799439430237,0.0,BULL,-0.01963895766644086,0.00203306817664739,True,H=7_sameK
2023-04-07,-0.014459013938903809,0.6878986358642578,0.0,BULL,0.09175695980087673,0.002541980731312954,False,H=7_sameK
2023-04-14,-0.037383247166872025,0.5917949676513672,0.0,BULL,-0.10516615884829883,0.00203306817664739,True,H=7_sameK
2023-04-21,-0.013497737236320972,0.6534468531608582,0.0,BULL,0.0751521118122691,0.002541980731312954,False,H=7_sameK
2023-04-28,-0.032790135592222214,0.4787959158420563,0.0,BULL,0.0066154470740353855,0.00203306817664739,False,H=7_sameK
2023-05-05,-0.018972212448716164,0.36623382568359375,0.0,BULL,-0.09186727540965944,0.002541980731312954,True,H=7_sameK
2023-05-12,0.004564493894577026,0.7092655897140503,0.21874708311455535,MILD,0.003181562537203808,0.002681887385764718,True,H=7_sameK
2023-05-19,-0.029884953051805496,0.4303126335144043,0.0,MILD,-0.006485800360562011,0.002541980731312954,True,H=7_sameK
2023-05-26,-0.011767781339585781,0.7484701871871948,0.0,MILD,0.020095544358704087,0.002541980731312954,False,H=7_sameK
2023-06-02,-0.024056212976574898,0.29568350315093994,0.0,MILD,-0.02807295488424555,0.00203306817664739,True,H=7_sameK
2023-06-09,-0.02930852770805359,0.40666308999061584,0.0,MILD,-0.005015898218168391,0.002541980731312954,True,H=7_sameK
2023-06-16,-0.026788953691720963,0.5878080129623413,0.0,MILD,0.16486999430631988,0.002541980731312954,False,H=7_sameK
2023-06-23,-0.05673138052225113,0.4487786293029785,0.0,BULL,-0.007054759926356735,0.002541980731312954,True,H=7_sameK
2023-06-30,-0.009575756266713142,0.4883403778076172,0.0,BULL,-0.004177605670779738,0.002541980731312954,True,H=7_sameK
2023-07-07,0.028256794437766075,0.6887432336807251,1.0,BULL,-0.0010772886204181154,-0.0010772886204181154,False,H=7_sameK
2023-07-14,0.0236721932888031,0.6906217932701111,1.0,BULL,-0.013535559007799125,-0.013535559007799125,False,H=7_sameK
2023-07-21,0.03215556591749191,0.8507911562919617,1.0,BULL,-0.019650374627279033,-0.019650374627279033,False,H=7_sameK
2023-07-28,0.013030300848186016,0.751275897026062,1.0,BULL,-0.006827762984007002,-0.006827762984007002,False,H=7_sameK
2023-08-04,0.03784710913896561,0.8418968319892883,1.0,MILD,0.010717871373865151,0.010717871373865151,True,H=7_sameK
2023-08-11,0.011758677661418915,0.7059019804000854,0.5623100307758649,MILD,-0.11459343988978465,-0.06336283756258372,False,H=7_sameK
2023-08-18,0.08408242464065552,0.8701092004776001,1.0,BEAR,0.00023067475243720992,0.00023067475243720992,True,H=7_sameK
2023-08-25,0.07055284827947617,0.9127359390258789,1.0,BEAR,-0.009783572607992008,-0.009783572607992008,False,H=7_sameK
2023-09-01,0.02556844986975193,0.7945619821548462,0.5052787992198338,BEAR,0.004086409443113004,0.003035875802897041,True,H=7_sameK
2023-09-08,0.022346224635839462,0.8216843605041504,0.4433667301552632,BEAR,0.026610833445900317,0.013164478646398386,True,H=7_sameK
2023-09-15,-0.005722471512854099,0.521034836769104,0.0,BEAR,-0.0007466165413534398,0.0024190270999451258,True,H=7_sameK
2023-09-22,0.004964589141309261,0.5340108871459961,0.062041949882896706,BEAR,0.012295646298326579,0.002982229416720505,True,H=7_sameK
2023-09-29,0.019841570407152176,0.5962780714035034,0.32107618708579194,BEAR,0.03806189922607395,0.013827229742972659,True,H=7_sameK
2023-10-06,0.04406389966607094,0.5946296453475952,0.709650289462005,BEAR,-0.03827598564896684,-0.02661307700200348,False,H=7_sameK
2023-10-13,0.0669788271188736,0.723326563835144,1.0,BEAR,0.10449854813491188,0.10449854813491188,True,H=7_sameK
2023-10-20,0.03674467280507088,0.5727317929267883,1.0,MILD,0.11462959367744951,0.11462959367744951,True,H=7_sameK
2023-10-23,0.03331379219889641,0.7361449599266052,1.0,MILD,0.024857279968938606,0.024857279968938606,True,H=7_sameK
2023-10-27,0.03592762351036072,0.6539842486381531,1.0,MILD,0.02433493193973102,0.02433493193973102,True,H=7_sameK
2023-11-03,0.05196887254714966,0.7771334648132324,1.0,BULL,0.07445534983371149,0.07445534983371149,True,H=7_sameK
2023-11-10,-0.010050846263766289,0.3215678632259369,0.0,BULL,-0.018436459747201428,0.0018217632370527426,True,H=7_sameK
2023-11-17,0.017089899629354477,0.4454491138458252,1.0,BULL,0.030033659329566476,0.030033659329566476,True,H=7_sameK
2023-11-24,0.015339416451752186,0.448408305644989,1.0,BULL,0.025692343631217973,0.025692343631217973,True,H=7_sameK
2023-12-01,0.020867232233285904,0.37130746245384216,1.0,BULL,0.14188501679828525,0.14188501679828525,True,H=7_sameK
2023-12-08,-0.004816921893507242,0.3099619448184967,0.0,BULL,-0.05050124527433042,0.0022421780551329373,True,H=7_sameK
2023-12-15,0.039075423032045364,0.7550593018531799,1.0,BULL,0.04837209080526361,0.04837209080526361,True,H=7_sameK
2023-12-22,0.02164584957063198,0.665196418762207,1.0,BULL,-0.04325975732015086,-0.04325975732015086,False,H=7_sameK
2023-12-29,0.019405188038945198,0.8064290285110474,1.0,BULL,0.049401252051789024,0.049401252051789024,True,H=7_sameK
2024-01-05,-0.035135772079229355,0.3822656571865082,0.0,BULL,-0.030861402316134212,0.0021888639370755136,True,H=7_sameK
2024-01-12,0.0016093278536573052,0.4018162786960602,0.1309149417231377,BULL,-0.026265271056802653,-0.0015362074874303393,False,H=7_sameK
2024-01-19,0.07253817468881607,0.6556571125984192,1.0,MILD,0.003948243634093407,0.003948243634093407,True,H=7_sameK
2024-01-26,0.04651811346411705,0.5528170466423035,1.0,MILD,0.032911871815636706,0.032911871815636706,True,H=7_sameK
2024-02-02,0.06038271263241768,0.655316174030304,1.0,BULL,0.09103634259259241,0.09103634259259241,True,H=7_sameK
2024-02-09,0.024985700845718384,0.7285045385360718,1.0,BULL,0.10589956838946679,0.10589956838946679,True,H=7_sameK
2024-02-16,0.008857296779751778,0.5325907468795776,0.5490090221871324,BULL,-0.026474504792503906,-0.013587836313102012,False,H=7_sameK
2024-02-23,0.040347181260585785,0.7861241102218628,1.0,BULL,0.23033098396563934,0.23033098396563934,True,H=7_sameK
2024-02-28,-0.008678960613906384,0.673957109451294,0.0,BULL,-0.0007079691376711272,0.0008393160389850163,True,H=7_sameK
2024-03-01,-0.043324798345565796,0.30344125628471375,0.0,BULL,0.0938933671433082,0.00041957000000003575,False,H=7_sameK
2024-03-04,-0.05763961747288704,0.25661736726760864,0.0,BULL,-0.0017806247454968949,0.0016793365293834572,True,H=7_sameK
2024-03-08,-0.0617208369076252,0.10110969841480255,0.0,BULL,0.020193414409771293,0.002099611128611123,False,H=7_sameK
2024-03-15,-0.03783091902732849,0.28579697012901306,0.0,BULL,-0.10881246506287434,0.0008393160389850163,True,H=7_sameK
2024-03-19,0.04598071053624153,0.6097486615180969,1.0,BULL,0.09530768162693293,0.09530768162693293,True,H=7_sameK
2024-03-20,0.0013403678312897682,0.6073436737060547,0.11171066750798911,BULL,-0.05960848466498847,-0.005945144170253762,False,H=7_sameK
2024-03-22,0.022043326869606972,0.5956103205680847,1.0,BULL,0.09489371227074028,0.09489371227074028,True,H=7_sameK
2024-03-29,-0.015150539577007294,0.5180169343948364,0.0,BULL,-0.029060906329428482,0.0020100141164518526,True,H=7_sameK
2024-04-05,-0.017702559009194374,0.38262686133384705,0.0,BULL,-0.010381798338027437,0.0020100141164518526,True,H=7_sameK
2024-04-12,-0.0164190586656332,0.5412699580192566,0.0,BULL,-0.049146022469579775,0.0020100141164518526,True,H=7_sameK
2024-04-19,0.03395669534802437,0.6681873798370361,1.0,MILD,-0.0007521387771257659,-0.0007521387771257659,False,H=7_sameK
2024-04-26,0.03237483650445938,0.4218846261501312,1.0,MILD,-0.013925040940090838,-0.013925040940090838,False,H=7_sameK
2024-05-03,0.03803122788667679,0.6130439043045044,1.0,MILD,-0.0331099467081285,-0.0331099467081285,False,H=7_sameK
2024-05-10,-0.00640866020694375,0.3330997824668884,0.0,MILD,0.10236860236325707,0.0019650427386139757,False,H=7_sameK
2024-05-17,0.024595309048891068,0.5235041379928589,1.0,BULL,0.022767814514203844,0.022767814514203844,True,H=7_sameK
2024-05-24,-0.006604284048080444,0.44885197281837463,0.0,BULL,-0.014733481361558387,0.0015717255220015769,True,H=7_sameK
2024-05-31,-0.01698850467801094,0.4045611321926117,0.0,BULL,0.026881695753376622,0.0019650427386139757,False,H=7_sameK
2024-06-07,-0.016422497108578682,0.4351610243320465,0.0,BULL,-0.04774827122827863,0.0019650427386139757,True,H=7_sameK
2024-06-14,-0.020028788596391678,0.4158218502998352,0.0,BULL,-0.028775214822726602,0.0019650427386139757,True,H=7_sameK
2024-06-21,-0.0005803852109238505,0.4854995310306549,0.0,MILD,-0.05792818484037998,0.0019650427386139757,True,H=7_sameK
2024-06-28,0.002564898459240794,0.3693973422050476,0.11239757041309235,MILD,-0.06286920068630608,-0.005322168701918047,False,H=7_sameK
2024-07-05,0.012324153445661068,0.6643420457839966,0.22717380994225278,BEAR,0.02225564063791574,0.006574535169404629,True,H=7_sameK
2024-07-12,0.04332023859024048,0.610946774482727,0.7284741841308704,BEAR,0.15151211540687282,0.11090622448978382,True,H=7_sameK
2024-07-19,-0.03156016394495964,0.21256479620933533,0.0,BULL,0.018721722172217348,0.0019650427386139757,False,H=7_sameK
2024-07-26,-0.00813245214521885,0.14434656500816345,0.0,BULL,-0.09438742039044301,0.0019650427386139757,True,H=7_sameK
2024-08-02,0.01728055439889431,0.4397982656955719,0.6148170275640427,MILD,0.003051464974739959,0.002481494533903432,True,H=7_sameK
2024-08-08,0.01861034333705902,0.39658278226852417,0.3071061699644639,BEAR,-0.013747043696631933,-0.0039497025309518635,False,H=7_sameK
2024-08-09,0.023009316995739937,0.3549662232398987,0.4132603730751678,BEAR,-0.03227243372110089,-0.012183949556280063,False,H=7_sameK
2024-08-16,0.03723164647817612,0.5375782251358032,0.47455610150084115,BEAR,0.08768874862844078,0.042645750411894875,True,H=7_sameK
2024-08-23,-0.008444523438811302,0.5741534233093262,0.0,MILD,-0.07672488695640223,0.0019650427386139757,True,H=7_sameK
2024-08-30,-0.009908756241202354,0.34752970933914185,0.0,BEAR,-0.087291470010735,0.0019650427386139757,True,H=7_sameK
2024-09-06,0.039084456861019135,0.825733482837677,0.7758304139086699,BEAR,0.12110211873067778,0.09439520971740549,True,H=7_sameK
2024-09-13,-0.014022864401340485,0.2827960252761841,0.0,BEAR,0.044679989421138044,0.0019830310475399404,False,H=7_sameK
2024-09-20,0.028654664754867554,0.6997864842414856,0.5458308046143363,BEAR,0.04064647660125886,0.023098985521985683,True,H=7_sameK
2024-09-27,0.007587000727653503,0.41572102904319763,0.2957965278292417,MILD,-0.056012662317669326,-0.01515289210812076,False,H=7_sameK
2024-10-04,0.018326546996831894,0.4893348813056946,0.1978933960050811,BEAR,0.007312437586573406,0.003059328704011254,True,H=7_sameK
2024-10-11,-0.004230375401675701,0.38096484541893005,0.0,BEAR,0.09414774544291649,0.0020100141164518526,False,H=7_sameK
2024-10-18,-0.030075009912252426,0.28264209628105164,0.0,MILD,-0.025277225697083017,0.0020100141164518526,True,H=7_sameK
2024-10-25,-0.031803473830223083,0.31421327590942383,0.0,MILD,0.04194527809017101,0.0020100141164518526,False,H=7_sameK
2024-11-01,-0.0244777612388134,0.24166958034038544,0.0,BULL,0.08742919197807208,0.0012055241052768562,False,H=7_sameK
2024-11-06,0.0046416656114161015,0.48567524552345276,0.2569218085393631,BULL,0.01240922728116578,0.0038118785599660066,True,H=7_sameK
2024-11-08,0.030920004472136497,0.6784176826477051,1.0,BULL,0.15864912956226007,0.15864912956226007,True,H=7_sameK
2024-11-11,0.029493074864149094,0.7983375787734985,1.0,BULL,0.02689378518339791,0.02689378518339791,True,H=7_sameK
2024-11-15,0.020269397646188736,0.7297185659408569,1.0,BULL,0.0863424285529264,0.0863424285529264,True,H=7_sameK
2024-11-22,-0.026511142030358315,0.4423513412475586,0.0,BULL,-0.014480443311895796,0.002099611128611123,True,H=7_sameK
2024-11-29,-0.018970785662531853,0.3794633150100708,0.0,BULL,0.02340283193104864,0.002099611128611123,False,H=7_sameK
2024-12-06,-0.029064547270536423,0.19037777185440063,0.0,BULL,0.016877840611729367,0.0021708518291307932,False,H=7_sameK
2024-12-13,-0.03523433953523636,0.1600867211818695,0.0,BULL,-0.035679928616676904,0.002277722376154756,True,H=7_sameK
2024-12-20,-0.03675628826022148,0.2730071544647217,0.0,BULL,-0.03585086882692823,0.0018217632370527426,True,H=7_sameK
2024-12-27,0.012466301210224628,0.6066805720329285,0.5186277596989648,MILD,0.041094272125598685,0.022189576539677007,True,H=7_sameK
2025-01-03,-0.04334447532892227,0.10696247965097427,0.0,BULL,-0.03512196384018684,0.002277722376154756,True,H=7_sameK
2025-01-10,-0.02846653386950493,0.3840295672416687,0.0,MILD,0.09872008889629269,0.002277722376154756,False,H=7_sameK
2025-01-17,0.0036052302457392216,0.6361178159713745,0.3191036508860602,BULL,0.007619515768444884,0.003982308149913568,True,H=7_sameK
2025-01-24,-0.009769013151526451,0.4375336766242981,0.0,BULL,-0.023275754382786396,0.002348332017581889,True,H=7_sameK
2025-01-31,-0.009295931085944176,0.3723185956478119,0.0,BULL,-0.057822761320072025,0.002454255806815686,True,H=7_sameK
2025-02-07,0.007379099726676941,0.24944552779197693,0.36054598742458166,MILD,0.010296476517716924,0.005281737016629078,True,H=7_sameK
2025-02-14,0.022352557629346848,0.34299078583717346,1.0,MILD,-0.013523010348256759,-0.013523010348256759,False,H=7_sameK
2025-02-21,0.019620470702648163,0.39572104811668396,0.8112603064064983,MILD,-0.12301722214493815,-0.09933577384160032,False,H=7_sameK
2025-02-28,0.05255363509058952,0.8031659126281738,1.0,MILD,0.11760601133800441,0.11760601133800441,True,H=7_sameK
2025-03-02,0.010448218323290348,0.4347844123840332,0.3796661171993722,MILD,-0.08538654927336375,-0.03241837962367089,False,H=7_sameK
2025-03-03,0.03353576734662056,0.46338653564453125,1.0,MILD,0.006740151803611649,0.006740151803611649,True,H=7_sameK
2025-03-07,0.035296402871608734,0.4235810339450836,1.0,MILD,-0.03247111953388038,-0.03247111953388038,False,H=7_sameK
2025-03-14,0.06512352079153061,0.5830265283584595,1.0,MILD,0.0012572752645767515,0.0012572752645767515,True,H=7_sameK
2025-03-21,0.04852072149515152,0.5829237699508667,0.753269246174539,BEAR,0.003990900570694622,0.003654954538644772,True,H=7_sameK
2025-03-28,0.00041141087422147393,0.311288982629776,0.0077699929665964495,BEAR,-0.006331228017309787,0.0025596876311388323,False,H=7_sameK
2025-04-04,-0.030811462551355362,0.22465844452381134,0.0,BEAR,-0.015194325608085868,0.0015767579967480572,True,H=7_sameK
2025-04-09,-0.027637619525194168,0.2104886770248413,0.0,BEAR,0.009787784865791016,0.0010508959505961535,False,H=7_sameK
2025-04-11,-0.0329209640622139,0.14753654599189758,0.0,BEAR,0.012596519172457299,0.0021028962834912512,False,H=7_sameK
2025-04-18,0.01006634533405304,0.5105193853378296,0.1085888986415534,BEAR,0.12031994435256266,0.014939955333967291,True,H=7_sameK
2025-04-25,0.005187654867768288,0.4521803855895996,0.17430803263843805,MILD,0.023758361803017713,0.00587761787406944,True,H=7_sameK
2025-05-02,0.011040374636650085,0.391415536403656,0.46148802072441136,MILD,0.06280348454913631,0.030417697049719857,True,H=7_sameK
2025-05-09,0.06264559924602509,0.31926050782203674,1.0,MILD,0.004777124342260297,0.004777124342260297,True,H=7_sameK
2025-05-16,0.1264462023973465,0.7864981293678284,1.0,MILD,0.03725357346862057,0.03725357346862057,True,H=7_sameK
2025-05-23,0.06535802036523819,0.5402376055717468,1.0,BULL,-0.031055467706812445,-0.031055467706812445,False,H=7_sameK
2025-05-30,0.07836742699146271,0.6690990328788757,1.0,BULL,0.002913483690222929,0.002913483690222929,True,H=7_sameK
2025-06-06,0.06805403530597687,0.5429627299308777,1.0,BULL,0.017050307780996476,0.017050307780996476,True,H=7_sameK
2025-06-13,0.033655181527137756,0.4443734288215637,1.0,BULL,-0.026102470155776603,-0.026102470155776603,False,H=7_sameK
2025-06-20,0.044159065932035446,0.6686533689498901,1.0,MILD,0.0362988669963471,0.0362988669963471,True,H=7_sameK
2025-06-27,0.057557620108127594,0.4446038603782654,1.0,BULL,0.008749846680341067,0.008749846680341067,True,H=7_sameK
2025-07-04,0.03302482143044472,0.7128354907035828,1.0,BULL,0.08837789662639661,0.08837789662639661,True,H=7_sameK
2025-07-11,-0.003968779928982258,0.3766462504863739,0.0,BULL,0.0033794597799359227,0.002759591103289827,False,H=7_sameK
2025-07-18,0.010807233862578869,0.522489070892334,0.6306488653763351,BULL,-0.0026332874396945982,-0.0006414216309556843,False,H=7_sameK
2025-07-25,0.019859781488776207,0.6318069696426392,1.0,BULL,-0.03669944584124163,-0.03669944584124163,False,H=7_sameK
2025-08-01,-0.023404061794281006,0.33028969168663025,0.0,BULL,0.029804692813010902,0.002759591103289827,False,H=7_sameK
2025-08-08,-0.0259503535926342,0.40196600556373596,0.0,BULL,0.005719404217228163,0.002759591103289827,False,H=7_sameK
2025-08-15,-0.0769357830286026,0.09159974008798599,0.0,BULL,-0.0034604815579751813,0.002759591103289827,True,H=7_sameK
2025-08-22,-0.06560913473367691,0.16309112310409546,0.0,BULL,-0.07319038390148325,0.002759591103289827,True,H=7_sameK
2025-08-29,-0.049668896943330765,0.37180307507514954,0.0,MILD,0.021061494370597567,0.002759591103289827,False,H=7_sameK
2025-09-05,-0.058184944093227386,0.28145503997802734,0.0,MILD,0.048521873172046925,0.002759591103289827,False,H=7_sameK
2025-09-12,-0.014516985043883324,0.585700273513794,0.0,BULL,-0.003421890758395496,0.002759591103289827,True,H=7_sameK
2025-09-19,-0.04630235582590103,0.24182763695716858,0.0,BULL,-0.05179275908703085,0.002759591103289827,True,H=7_sameK
2025-09-26,-0.028063178062438965,0.3365707993507385,0.0,MILD,0.11481341431581948,0.002759591103289827,False,H=7_sameK
2025-10-03,-0.05762897804379463,0.2072950154542923,0.0,BULL,-0.07737335558609859,0.002759591103289827,True,H=7_sameK
2025-10-10,-0.0327308215200901,0.2690025866031647,0.0,MILD,-0.056243388354636936,0.002759591103289827,True,H=7_sameK
2025-10-17,0.03134854882955551,0.7236059904098511,0.60580350124215,BEAR,0.04296850336290858,0.027118290931305276,True,H=7_sameK
2025-10-24,-0.05038492754101753,0.31060677766799927,0.0,MILD,-0.0125839501304853,0.002759591103289827,True,H=7_sameK
2025-10-31,-0.059790827333927155,0.21631979942321777,0.0,MILD,-0.05719408645408297,0.002759591103289827,True,H=7_sameK
2025-11-07,-0.02616693452000618,0.5478006601333618,0.0,BEAR,-0.08462510020410474,0.002759591103289827,True,H=7_sameK
2025-11-14,0.030060410499572754,0.8697403073310852,0.5988710379495873,BEAR,-0.10005465462925778,-0.059034517446981134,False,H=7_sameK
2025-11-21,0.051095347851514816,0.829785943031311,1.0,BEAR,0.06767659550874483,0.06767659550874483,True,H=7_sameK
2025-11-28,0.037992604076862335,0.8063867688179016,0.7522586869875041,BEAR,-0.017170733639415348,-0.012233168818892134,False,H=7_sameK
2025-12-05,0.02168307639658451,0.5052191019058228,0.22531389570484756,BEAR,0.01050464099198889,0.0045046584661410085,True,H=7_sameK
2025-12-12,-0.007218238897621632,0.5035533905029297,0.0,BEAR,-0.023612687582213132,0.002759591103289827,True,H=7_sameK
2025-12-19,0.02582395076751709,0.5503946542739868,0.351447043133343,BEAR,-0.008706678493716757,-0.0016285383170818544,False,H=7_sameK
2025-12-26,0.024709245190024376,0.5402246117591858,0.3194543372465132,BEAR,0.030051313066015384,0.01110203035381501,True,H=7_sameK
2026-01-02,0.0019880509935319424,0.3815101981163025,0.034010342550074485,BEAR,0.007179832953183141,0.002909925042758873,True,H=7_sameK
2026-01-09,-0.02375277504324913,0.24005527794361115,0.0,BEAR,0.054165828196600874,0.002759591103289827,False,H=7_sameK
2026-01-16,0.011473672464489937,0.4619421362876892,0.14662514162393817,BEAR,-0.062277566290818376,-0.006776491310439645,False,H=7_sameK
2026-01-23,-0.00874232780188322,0.30089402198791504,0.0,BEAR,-0.059595474388132286,0.002759591103289827,True,H=7_sameK
2026-01-30,-0.017731856554746628,0.3581104576587677,0.0,BEAR,-0.2533883911664886,0.00220706432665585,True,H=7_sameK
2026-02-05,0.08114588260650635,0.850411057472229,1.0,BEAR,0.12192683309102881,0.12192683309102881,True,H=7_sameK
2026-02-06,0.04054468497633934,0.7398537397384644,0.7892802589627614,BEAR,-0.024458680089871954,-0.018723253032567572,False,H=7_sameK
2026-02-13,0.034421052783727646,0.7703233957290649,0.6766885853534157,BEAR,-0.012111866913682379,-0.007660932781157314,False,H=7_sameK
2026-02-20,0.04200730472803116,0.7148846387863159,0.8079690229213391,BEAR,-0.03157761958576588,-0.024983811466990677,False,H=7_sameK
2026-02-27,0.041758034378290176,0.80609130859375,0.826778016473025,BEAR,0.03403443946678486,0.02861694819875488,True,H=7_sameK
2026-03-06,0.01238380279392004,0.6354274749755859,0.21895947866844245,BEAR,0.04134214953103621,0.011207607982323897,True,H=7_sameK
2026-03-13,0.04569219797849655,0.8095345497131348,0.9051288429899708,BEAR,-0.005911039052587164,-0.005090091223989806,False,H=7_sameK
2026-03-20,0.03805083408951759,0.7856584787368774,0.7506758862799451,BEAR,-0.05819610717404289,-0.04300918860528661,False,H=7_sameK
2026-03-27,0.07106278091669083,0.9243932962417603,1.0,BEAR,0.008387935780534983,0.008387935780534983,True,H=7_sameK
2026-04-03,0.08822156488895416,0.9449005126953125,1.0,BEAR,0.08957608755710122,0.08957608755710122,True,H=7_sameK
2026-04-10,0.07960139214992523,0.9439196586608887,1.0,BEAR,0.05632055831267224,0.05632055831267224,True,H=7_sameK
2026-04-17,0.011896156705915928,0.6248327493667603,0.20621898944296657,BEAR,-0.009547565912393696,-0.0015381361909050408,False,H=7_sameK
2022-01-07,0.05816546827554703,0.759750485420227,0.48863319860616666,BEAR,0.03592991275662505,0.018445640131428034,True,H=7_scaledK
2022-01-14,-0.008021198213100433,0.4009063243865967,0.0,BEAR,-0.15361486633986654,0.0017386579126654755,True,H=7_scaledK
2022-01-21,0.1257534623146057,0.8883966207504272,1.0,BEAR,0.034881031331603474,0.034881031331603474,True,H=7_scaledK
2022-01-28,0.09527166932821274,0.7452982664108276,0.7965133031017707,BEAR,0.10228106699020278,0.08184410942521138,True,H=7_scaledK
2022-02-04,0.044647928327322006,0.333221971988678,0.35371064940922237,BEAR,0.019230172522655353,0.008100967529239772,True,H=7_scaledK
2022-02-11,0.04804021120071411,0.3121247887611389,0.3885688331465169,BEAR,-0.056622109972381485,-0.020772601925647904,False,H=7_scaledK
2022-02-18,0.030805498361587524,0.39362630248069763,0.2195296520005628,BEAR,-0.018893823152994815,-0.002578998004786169,False,H=7_scaledK
2022-02-25,0.11263096332550049,0.7525975108146667,0.9440546349839991,BEAR,0.10048223866032857,0.09486072314085157,True,H=7_scaledK
2022-02-28,0.035385612398386,0.7460101246833801,0.295916737925464,BEAR,-0.09294114921223351,-0.026654052349375134,False,H=7_scaledK
2022-03-04,0.04636401683092117,0.576667308807373,0.3018347872008304,BEAR,0.07134471524695862,0.022375971937964742,True,H=7_scaledK
2022-03-09,0.06042221188545227,0.5405006408691406,0.3352772441861804,BEAR,-0.0765858139784954,-0.025143361730450457,False,H=7_scaledK
2022-03-11,0.11294040828943253,0.6195433139801025,0.8299309795517653,BEAR,0.07818160645728844,0.06523934443598695,True,H=7_scaledK
2022-03-18,0.04940548911690712,0.46533316373825073,0.2655820417060609,BEAR,0.061202164592668584,0.017861736813001544,True,H=7_scaledK
2022-03-25,0.0425402894616127,0.762236475944519,0.35763074640264175,BEAR,0.04446376651992301,0.01730766890187823,True,H=7_scaledK
2022-04-01,0.012031381018459797,0.3339000642299652,0.09524148306464138,BEAR,-0.08710406237731849,-0.006315526792289114,False,H=7_scaledK
2022-04-08,0.01986640691757202,0.4109223484992981,0.13484043275240762,BEAR,-0.04023737568934593,-0.003910983206567022,False,H=7_scaledK
2022-04-15,0.02517807111144066,0.6046436429023743,0.17863504126364574,BEAR,-0.020781270421361242,-0.002274292735034729,False,H=7_scaledK
2022-04-22,-0.08588463068008423,0.3998468518257141,0.0,BEAR,-0.0280305460853133,0.0021888639370755136,True,H=7_scaledK
2022-04-29,-0.0622452087700367,0.5413464307785034,0.0,BEAR,-0.06690674267432661,0.0022597891420201854,True,H=7_scaledK
2022-05-06,-0.06585761904716492,0.44555944204330444,0.0,BEAR,-0.16486638305292656,0.0004727899999998897,True,H=7_scaledK
2022-05-09,0.004600430838763714,0.8248884081840515,0.039132979797912096,BEAR,-0.0262419159797197,0.0007915180101136956,False,H=7_scaledK
2022-05-13,0.027266334742307663,0.7607840895652771,0.22912768765834754,BEAR,-0.0029378172263850866,0.0011508922836289549,False,H=7_scaledK
2022-05-20,-0.060574792325496674,0.6581036448478699,0.0,BEAR,-0.019561309694424933,0.0023661863609196754,True,H=7_scaledK
2022-05-27,-0.0534956268966198,0.6782750487327576,0.0,BEAR,0.03738796638467612,0.0023661863609196754,False,H=7_scaledK
2022-06-03,-0.10125663131475449,0.5818825960159302,0.0,BEAR,-0.02048234675781746,0.0023661863609196754,True,H=7_scaledK
2022-06-10,-0.061984140425920486,0.7342935800552368,0.0,BEAR,-0.22702107942147431,0.0004727899999998897,True,H=7_scaledK
2022-06-13,0.03479056805372238,0.9285162091255188,0.29772371950775417,BEAR,-0.09276746410547054,-0.026954859077388267,False,H=7_scaledK
2022-06-16,0.03808252513408661,0.80316162109375,0.32299963815116745,BEAR,0.0033086110646816103,0.0014006608441149706,True,H=7_scaledK
2022-06-17,0.010607835836708546,0.8088070750236511,0.09004776101688541,BEAR,0.005139038371062998,0.00046275889909408495,True,H=7_scaledK
2022-06-19,0.009079920127987862,0.8095006942749023,0.07708528699304357,BEAR,0.032258675998833475,0.00475173809097864,True,H=7_scaledK
2022-06-24,-0.0696941390633583,0.5675948858261108,0.0,BEAR,-0.09218940477989834,0.002454255806815686,True,H=7_scaledK
2022-07-01,-0.02876271866261959,0.6735736131668091,0.0,BEAR,0.12007126629944298,0.002454255806815686,False,H=7_scaledK
2022-07-08,-0.07651256024837494,0.3408580422401428,0.0,BEAR,-0.035411847787077844,0.002454255806815686,True,H=7_scaledK
2022-07-15,-0.11618821322917938,0.25298818945884705,0.0,BEAR,0.08904399607489966,0.002454255806815686,False,H=7_scaledK
2022-07-22,-0.16232594847679138,0.2539900839328766,0.0,BEAR,0.04800212300466877,0.002454255806815686,False,H=7_scaledK
2022-07-29,-0.15735945105552673,0.22785821557044983,0.0,BEAR,-0.019405016036595057,0.0024893448554390574,True,H=7_scaledK
2022-08-05,-0.11727748066186905,0.27843421697616577,0.0,BEAR,0.04681024106463427,0.002541980731312954,False,H=7_scaledK
2022-08-12,-0.14159277081489563,0.21036270260810852,0.0,BEAR,-0.1462603181159563,0.002541980731312954,True,H=7_scaledK
2022-08-19,-0.1257491558790207,0.41688570380210876,0.0,BEAR,-0.028478875551432026,0.002541980731312954,True,H=7_scaledK
2022-08-26,-0.09109655767679214,0.49273061752319336,0.0,BEAR,-0.014287302289159864,0.002541980731312954,True,H=7_scaledK
2022-09-02,-0.1268005520105362,0.19902321696281433,0.0,BEAR,0.0705823918171038,0.00203306817664739,False,H=7_scaledK
2022-09-09,-0.12174246460199356,0.1361154168844223,0.0,BEAR,-0.05554933939946938,0.0010160179420943827,True,H=7_scaledK
2022-09-13,-0.1588006466627121,0.19595679640769958,0.0,BEAR,-0.018354212962802374,0.001524413957286752,True,H=7_scaledK
2022-09-16,-0.14168375730514526,0.24611063301563263,0.0,BEAR,-0.02592446713426544,0.002541980731312954,True,H=7_scaledK
2022-09-23,-0.10365922749042511,0.36388978362083435,0.0,BEAR,0.006879244122963701,0.002541980731312954,False,H=7_scaledK
2022-09-30,-0.15125219523906708,0.24698896706104279,0.0,BEAR,0.005533756791697986,0.002541980731312954,False,H=7_scaledK
2022-10-07,-0.17884771525859833,0.3054618835449219,0.0,BEAR,-0.018082865977576135,0.00203306817664739,True,H=7_scaledK
2022-10-14,-0.07123963534832001,0.6709879040718079,0.0,BEAR,-0.0006549536343930518,0.002541980731312954,True,H=7_scaledK
2022-10-21,-0.009849059395492077,0.7635634541511536,0.0,BEAR,0.07448562097266964,0.002541980731312954,False,H=7_scaledK
2022-10-28,-0.030136603862047195,0.6165513396263123,0.0,BEAR,0.027034009588264185,0.00203306817664739,False,H=7_scaledK
2022-11-04,-0.05995773524045944,0.4105042815208435,0.0,BEAR,-0.12300104215330443,0.0010160179420943827,True,H=7_scaledK
2022-11-08,-0.0174495168030262,0.5560340881347656,0.0,BEAR,-0.14149929666047167,0.0005078800000000161,True,H=7_scaledK
2022-11-09,0.0055260127410292625,0.6991618871688843,0.04509240310013069,BEAR,0.10540476209915228,0.0052379324915618735,True,H=7_scaledK
2022-11-10,-0.017566349357366562,0.6043789386749268,0.0,BEAR,-0.03015939299420778,0.0005078800000000161,True,H=7_scaledK
2022-11-11,-0.018242737278342247,0.5398119688034058,0.0,BEAR,-0.021666859008418693,0.00203306817664739,True,H=7_scaledK
2022-11-18,-0.03270724415779114,0.3089820444583893,0.0,BEAR,-0.010676957806526222,0.002541980731312954,True,H=7_scaledK
2022-11-25,-0.0623662956058979,0.3109056353569031,0.0,BEAR,0.034535477849721774,0.002541980731312954,False,H=7_scaledK
2022-12-02,-0.0684388279914856,0.11854245513677597,0.0,BEAR,0.0020956265642606553,0.002541980731312954,False,H=7_scaledK
2022-12-09,-0.0461009219288826,0.4865223467350006,0.0,BEAR,-0.02898317196541933,0.002541980731312954,True,H=7_scaledK
2022-12-16,-0.17151954770088196,0.17632374167442322,0.0,BEAR,0.008801042801519054,0.002541980731312954,False,H=7_scaledK
2022-12-23,-0.16263428330421448,0.14088785648345947,0.0,BEAR,-0.0101928062699288,0.002541980731312954,True,H=7_scaledK
2022-12-30,-0.15107299387454987,0.1729021519422531,0.0,BEAR,0.020663580507096935,0.002541980731312954,False,H=7_scaledK
2023-01-06,-0.009161918424069881,0.28345364332199097,0.0,BEAR,0.17576671101108188,0.002541980731312954,False,H=7_scaledK
2023-01-13,-0.047019802033901215,0.2956530451774597,0.0,MILD,0.1373406235119803,0.002541980731312954,False,H=7_scaledK
2023-01-20,-0.03846387192606926,0.355154812335968,0.0,MILD,0.017953246120717914,0.002541980731312954,False,H=7_scaledK
2023-01-27,0.021500032395124435,0.8470121622085571,0.45820035383422403,MILD,0.015503923003047593,0.008481147266600552,True,H=7_scaledK
2023-02-03,-0.017611611634492874,0.6514151096343994,0.0,MILD,-0.07710471622019566,0.002541980731312954,True,H=7_scaledK
2023-02-10,0.04112439230084419,0.8789132833480835,1.0,BULL,0.12480167804306008,0.12480167804306008,True,H=7_scaledK
2023-02-15,-0.00531248701736331,0.4955969750881195,0.0,BULL,0.010110158464565089,0.0010160179420943827,False,H=7_scaledK
2023-02-17,-0.014399799518287182,0.5063682794570923,0.0,BULL,-0.05635660116801122,0.001524413957286752,True,H=7_scaledK
2023-02-24,-0.0043106661178171635,0.5025431513786316,0.0,BULL,-0.035839534463446454,0.002541980731312954,True,H=7_scaledK
2023-03-03,0.03066936694085598,0.7087410688400269,0.6297022319939894,MILD,-0.09857817318695172,-0.06113360589059407,False,H=7_scaledK
2023-03-10,0.03540526703000069,0.8021966218948364,0.7506159770374171,MILD,0.19665778194195838,0.14774113029195665,True,H=7_scaledK
2023-03-13,-0.05436576530337334,0.4912661612033844,0.0,BULL,0.13609192866396724,0.00203306817664739,False,H=7_scaledK
2023-03-17,-0.05725237727165222,0.5334941148757935,0.0,BULL,0.002166078423427864,0.002541980731312954,False,H=7_scaledK
2023-03-24,-0.03547251969575882,0.49794548749923706,0.0,BULL,0.03682059788442471,0.002541980731312954,False,H=7_scaledK
2023-03-31,-0.04300152510404587,0.49577799439430237,0.0,BULL,-0.01963895766644086,0.00203306817664739,True,H=7_scaledK
2023-04-07,-0.014459013938903809,0.6878986358642578,0.0,BULL,0.09175695980087673,0.002541980731312954,False,H=7_scaledK
2023-04-14,-0.037383247166872025,0.5917949676513672,0.0,BULL,-0.10516615884829883,0.00203306817664739,True,H=7_scaledK
2023-04-21,-0.013497737236320972,0.6534468531608582,0.0,BULL,0.0751521118122691,0.002541980731312954,False,H=7_scaledK
2023-04-28,-0.032790135592222214,0.4787959158420563,0.0,BULL,0.0066154470740353855,0.00203306817664739,False,H=7_scaledK
2023-05-05,-0.018972212448716164,0.36623382568359375,0.0,BULL,-0.09186727540965944,0.002541980731312954,True,H=7_scaledK
2023-05-12,0.004564493894577026,0.7092655897140503,0.09374874990623801,MILD,0.003181562537203808,0.0026019407260779955,True,H=7_scaledK
2023-05-19,-0.029884953051805496,0.4303126335144043,0.0,MILD,-0.006485800360562011,0.002541980731312954,True,H=7_scaledK
2023-05-26,-0.011767781339585781,0.7484701871871948,0.0,MILD,0.020095544358704087,0.002541980731312954,False,H=7_scaledK
2023-06-02,-0.024056212976574898,0.29568350315093994,0.0,MILD,-0.02807295488424555,0.00203306817664739,True,H=7_scaledK
2023-06-09,-0.02930852770805359,0.40666308999061584,0.0,MILD,-0.005015898218168391,0.002541980731312954,True,H=7_scaledK
2023-06-16,-0.026788953691720963,0.5878080129623413,0.0,MILD,0.16486999430631988,0.002541980731312954,False,H=7_scaledK
2023-06-23,-0.05673138052225113,0.4487786293029785,0.0,BULL,-0.007054759926356735,0.002541980731312954,True,H=7_scaledK
2023-06-30,-0.009575756266713142,0.4883403778076172,0.0,BULL,-0.004177605670779738,0.002541980731312954,True,H=7_scaledK
2023-07-07,0.028256794437766075,0.6887432336807251,1.0,BULL,-0.0010772886204181154,-0.0010772886204181154,False,H=7_scaledK
2023-07-14,0.0236721932888031,0.6906217932701111,0.9595342332993912,BULL,-0.013535559007799125,-0.012884969035596449,False,H=7_scaledK
2023-07-21,0.03215556591749191,0.8507911562919617,1.0,BULL,-0.019650374627279033,-0.019650374627279033,False,H=7_scaledK
2023-07-28,0.013030300848186016,0.751275897026062,0.5458477036969327,BULL,-0.006827762984007002,-0.002588408968641136,False,H=7_scaledK
2023-08-04,0.03784710913896561,0.8418968319892883,0.8062319737488058,MILD,0.010717871373865151,0.009116646895739334,True,H=7_scaledK
2023-08-11,0.011758677661418915,0.7059019804000854,0.2409900131896564,MILD,-0.11459343988978465,-0.02575306992292692,False,H=7_scaledK
2023-08-18,0.08408242464065552,0.8701092004776001,0.7179201806593375,BEAR,0.00023067475243720992,0.0008579020945456103,True,H=7_scaledK
2023-08-25,0.07055284827947617,0.9127359390258789,0.6035029078925034,BEAR,-0.009783572607992008,-0.004931309227810263,False,H=7_scaledK
2023-09-01,0.02556844986975193,0.7945619821548462,0.21654805680850017,BEAR,0.004086409443113004,0.002422760057322961,True,H=7_scaledK
2023-09-08,0.022346224635839462,0.8216843605041504,0.1900143129236842,BEAR,0.026610833445900317,0.007044351309493985,True,H=7_scaledK
2023-09-15,-0.005722471512854099,0.521034836769104,0.0,BEAR,-0.0007466165413534398,0.0024190270999451258,True,H=7_scaledK
2023-09-22,0.004964589141309261,0.5340108871459961,0.02658940709267002,BEAR,0.012295646298326579,0.0026302048134057452,True,H=7_scaledK
2023-09-29,0.019841570407152176,0.5962780714035034,0.13760408017962514,BEAR,0.03806189922607395,0.0072780620960852405,True,H=7_scaledK
2023-10-06,0.04406389966607094,0.5946296453475952,0.30413583834085933,BEAR,-0.03827598564896684,-0.01032417494080954,False,H=7_scaledK
2023-10-13,0.0669788271188736,0.723326563835144,0.5546429661777897,BEAR,0.10449854813491188,0.05901318243798982,True,H=7_scaledK
2023-10-20,0.03674467280507088,0.5727317929267883,0.5894099836679222,MILD,0.11462959367744951,0.06775794979110768,True,H=7_scaledK
2023-10-23,0.03331379219889641,0.7361449599266052,0.6937817787656669,MILD,0.024857279968938606,0.017825046387318938,True,H=7_scaledK
2023-10-27,0.03592762351036072,0.6539842486381531,0.700344180054615,MILD,0.02433493193973102,0.01760462764500323,True,H=7_scaledK
2023-11-03,0.05196887254714966,0.7771334648132324,1.0,BULL,0.07445534983371149,0.07445534983371149,True,H=7_scaledK
2023-11-10,-0.010050846263766289,0.3215678632259369,0.0,BULL,-0.018436459747201428,0.0018217632370527426,True,H=7_scaledK
2023-11-17,0.017089899629354477,0.4454491138458252,0.5082054416956031,BULL,0.030033659329566476,0.016383440575238672,True,H=7_scaledK
2023-11-24,0.015339416451752186,0.448408305644989,0.44989979924716433,BULL,0.025692343631217973,0.012811955778256084,True,H=7_scaledK
2023-12-01,0.020867232233285904,0.37130746245384216,0.7809940550069,BULL,0.14188501679828525,0.11131018935543663,True,H=7_scaledK
2023-12-08,-0.004816921893507242,0.3099619448184967,0.0,BULL,-0.05050124527433042,0.0022421780551329373,True,H=7_scaledK
2023-12-15,0.039075423032045364,0.7550593018531799,1.0,BULL,0.04837209080526361,0.04837209080526361,True,H=7_scaledK
2023-12-22,0.02164584957063198,0.665196418762207,0.8558594869603429,BULL,-0.04325975732015086,-0.03677192572866945,False,H=7_scaledK
2023-12-29,0.019405188038945198,0.8064290285110474,0.8233452314182377,BULL,0.049401252051789024,0.0409835562539407,True,H=7_scaledK
2024-01-05,-0.035135772079229355,0.3822656571865082,0.0,BULL,-0.030861402316134212,0.0021888639370755136,True,H=7_scaledK
2024-01-12,0.0016093278536573052,0.4018162786960602,0.05610640359563044,BULL,-0.026265271056802653,0.0005924047551444337,False,H=7_scaledK
2024-01-19,0.07253817468881607,0.6556571125984192,1.0,MILD,0.003948243634093407,0.003948243634093407,True,H=7_scaledK
2024-01-26,0.04651811346411705,0.5528170466423035,0.686124364839105,MILD,0.032911871815636706,0.023257462191520136,True,H=7_scaledK
2024-02-02,0.06038271263241768,0.655316174030304,1.0,BULL,0.09103634259259241,0.09103634259259241,True,H=7_scaledK
2024-02-09,0.024985700845718384,0.7285045385360718,1.0,BULL,0.10589956838946679,0.10589956838946679,True,H=7_scaledK
2024-02-16,0.008857296779751778,0.5325907468795776,0.23528958093734248,BULL,-0.026474504792503906,-0.004623580632123078,False,H=7_scaledK
2024-02-23,0.040347181260585785,0.7861241102218628,1.0,BULL,0.23033098396563934,0.23033098396563934,True,H=7_scaledK
2024-02-28,-0.008678960613906384,0.673957109451294,0.0,BULL,-0.0007079691376711272,0.0008393160389850163,True,H=7_scaledK
2024-03-01,-0.043324798345565796,0.30344125628471375,0.0,BULL,0.0938933671433082,0.00041957000000003575,False,H=7_scaledK
2024-03-04,-0.05763961747288704,0.25661736726760864,0.0,BULL,-0.0017806247454968949,0.0016793365293834572,True,H=7_scaledK
2024-03-08,-0.0617208369076252,0.10110969841480255,0.0,BULL,0.020193414409771293,0.002099611128611123,False,H=7_scaledK
2024-03-15,-0.03783091902732849,0.28579697012901306,0.0,BULL,-0.10881246506287434,0.0008393160389850163,True,H=7_scaledK
2024-03-19,0.04598071053624153,0.6097486615180969,1.0,BULL,0.09530768162693293,0.09530768162693293,True,H=7_scaledK
2024-03-20,0.0013403678312897682,0.6073436737060547,0.04787600036056675,BULL,-0.05960848466498847,-0.0020887638747817444,False,H=7_scaledK
2024-03-22,0.022043326869606972,0.5956103205680847,0.7629017738729912,BULL,0.09489371227074028,0.07277576147436736,True,H=7_scaledK
2024-03-29,-0.015150539577007294,0.5180169343948364,0.0,BULL,-0.029060906329428482,0.0020100141164518526,True,H=7_scaledK
2024-04-05,-0.017702559009194374,0.38262686133384705,0.0,BULL,-0.010381798338027437,0.0020100141164518526,True,H=7_scaledK
2024-04-12,-0.0164190586656332,0.5412699580192566,0.0,BULL,-0.049146022469579775,0.0020100141164518526,True,H=7_scaledK
2024-04-19,0.03395669534802437,0.6681873798370361,0.673598148357397,MILD,-0.0007521387771257659,0.0001494330418579426,False,H=7_scaledK
2024-04-26,0.03237483650445938,0.4218846261501312,0.5296460968097242,MILD,-0.013925040940090838,-0.0066191610959084315,False,H=7_scaledK
2024-05-03,0.03803122788667679,0.6130439043045044,0.6886098749030575,MILD,-0.0331099467081285,-0.02217953924617272,False,H=7_scaledK
2024-05-10,-0.00640866020694375,0.3330997824668884,0.0,MILD,0.10236860236325707,0.0019650427386139757,False,H=7_scaledK
2024-05-17,0.024595309048891068,0.5235041379928589,0.6189993513224986,BULL,0.022767814514203844,0.014841944973414086,True,H=7_scaledK
2024-05-24,-0.006604284048080444,0.44885197281837463,0.0,BULL,-0.014733481361558387,0.0015717255220015769,True,H=7_scaledK
2024-05-31,-0.01698850467801094,0.4045611321926117,0.0,BULL,0.026881695753376622,0.0019650427386139757,False,H=7_scaledK
2024-06-07,-0.016422497108578682,0.4351610243320465,0.0,BULL,-0.04774827122827863,0.0019650427386139757,True,H=7_scaledK
2024-06-14,-0.020028788596391678,0.4158218502998352,0.0,BULL,-0.028775214822726602,0.0019650427386139757,True,H=7_scaledK
2024-06-21,-0.0005803852109238505,0.4854995310306549,0.0,MILD,-0.05792818484037998,0.0019650427386139757,True,H=7_scaledK
2024-06-28,0.002564898459240794,0.3693973422050476,0.048170387319896715,MILD,-0.06286920068630608,-0.0011580478787568905,False,H=7_scaledK
2024-07-05,0.012324153445661068,0.6643420457839966,0.09736020426096546,BEAR,0.02225564063791574,0.003940539494667113,True,H=7_scaledK
2024-07-12,0.04332023859024048,0.610946774482727,0.312203221770373,BEAR,0.15151211540687282,0.04865412063197248,True,H=7_scaledK
2024-07-19,-0.03156016394495964,0.21256479620933533,0.0,BULL,0.018721722172217348,0.0019650427386139757,False,H=7_scaledK
2024-07-26,-0.00813245214521885,0.14434656500816345,0.0,BULL,-0.09438742039044301,0.0019650427386139757,True,H=7_scaledK
2024-08-02,0.01728055439889431,0.4397982656955719,0.2634930118131611,MILD,0.003051464974739959,0.001961626527102372,True,H=7_scaledK
2024-08-08,0.01861034333705902,0.39658278226852417,0.13161692998477023,BEAR,-0.013747043696631933,-0.0014683296561222774,False,H=7_scaledK
2024-08-09,0.023009316995739937,0.3549662232398987,0.17711158846078617,BEAR,-0.03227243372110089,-0.004098811102054898,False,H=7_scaledK
2024-08-16,0.03723164647817612,0.5375782251358032,0.20338118635750332,BEAR,0.08768874862844078,0.01939963174144865,True,H=7_scaledK
2024-08-23,-0.008444523438811302,0.5741534233093262,0.0,MILD,-0.07672488695640223,0.0019650427386139757,True,H=7_scaledK
2024-08-30,-0.009908756241202354,0.34752970933914185,0.0,BEAR,-0.087291470010735,0.0019650427386139757,True,H=7_scaledK
2024-09-06,0.039084456861019135,0.825733482837677,0.33249874881800134,BEAR,0.12110211873067778,0.041577971443810334,True,H=7_scaledK
2024-09-13,-0.014022864401340485,0.2827960252761841,0.0,BEAR,0.044679989421138044,0.0019830310475399404,False,H=7_scaledK
2024-09-20,0.028654664754867554,0.6997864842414856,0.23392748769185842,BEAR,0.04064647660125886,0.011048144718823493,True,H=7_scaledK
2024-09-27,0.007587000727653503,0.41572102904319763,0.12676994049824644,MILD,-0.056012662317669326,-0.005345517122650695,False,H=7_scaledK
2024-10-04,0.018326546996831894,0.4893348813056946,0.08481145543074904,BEAR,0.007312437586573406,0.0024597203682630246,True,H=7_scaledK
2024-10-11,-0.004230375401675701,0.38096484541893005,0.0,BEAR,0.09414774544291649,0.0020100141164518526,False,H=7_scaledK
2024-10-18,-0.030075009912252426,0.28264209628105164,0.0,MILD,-0.025277225697083017,0.0020100141164518526,True,H=7_scaledK
2024-10-25,-0.031803473830223083,0.31421327590942383,0.0,MILD,0.04194527809017101,0.0020100141164518526,False,H=7_scaledK
2024-11-01,-0.0244777612388134,0.24166958034038544,0.0,BULL,0.08742919197807208,0.0012055241052768562,False,H=7_scaledK
2024-11-06,0.0046416656114161015,0.48567524552345276,0.11010934651686989,BULL,0.01240922728116578,0.0021132714051197267,True,H=7_scaledK
2024-11-08,0.030920004472136497,0.6784176826477051,1.0,BULL,0.15864912956226007,0.15864912956226007,True,H=7_scaledK
2024-11-11,0.029493074864149094,0.7983375787734985,1.0,BULL,0.02689378518339791,0.02689378518339791,True,H=7_scaledK
2024-11-15,0.020269397646188736,0.7297185659408569,0.8418503371965009,BULL,0.0863424285529264,0.07295298909750147,True,H=7_scaledK
2024-11-22,-0.026511142030358315,0.4423513412475586,0.0,BULL,-0.014480443311895796,0.002099611128611123,True,H=7_scaledK
2024-11-29,-0.018970785662531853,0.3794633150100708,0.0,BULL,0.02340283193104864,0.002099611128611123,False,H=7_scaledK
2024-12-06,-0.029064547270536423,0.19037777185440063,0.0,BULL,0.016877840611729367,0.0021708518291307932,False,H=7_scaledK
2024-12-13,-0.03523433953523636,0.1600867211818695,0.0,BULL,-0.035679928616676904,0.002277722376154756,True,H=7_scaledK
2024-12-20,-0.03675628826022148,0.2730071544647217,0.0,BULL,-0.03585086882692823,0.0018217632370527426,True,H=7_scaledK
2024-12-27,0.012466301210224628,0.6066805720329285,0.2222690398709849,MILD,0.041094272125598685,0.010550826081034569,True,H=7_scaledK
2025-01-03,-0.04334447532892227,0.10696247965097427,0.0,BULL,-0.03512196384018684,0.002277722376154756,True,H=7_scaledK
2025-01-10,-0.02846653386950493,0.3840295672416687,0.0,MILD,0.09872008889629269,0.002277722376154756,False,H=7_scaledK
2025-01-17,0.0036052302457392216,0.6361178159713745,0.13675870752259722,BULL,0.007619515768444884,0.003008259136337104,True,H=7_scaledK
2025-01-24,-0.009769013151526451,0.4375336766242981,0.0,BULL,-0.023275754382786396,0.002348332017581889,True,H=7_scaledK
2025-01-31,-0.009295931085944176,0.3723185956478119,0.0,BULL,-0.057822761320072025,0.002454255806815686,True,H=7_scaledK
2025-02-07,0.007379099726676941,0.24944552779197693,0.15451970889624927,MILD,0.010296476517716924,0.003666033468164282,True,H=7_scaledK
2025-02-14,0.022352557629346848,0.34299078583717346,0.43747552817760393,MILD,-0.013523010348256759,-0.004535407143208787,False,H=7_scaledK
2025-02-21,0.019620470702648163,0.39572104811668396,0.3476829884599278,MILD,-0.12301722214493815,-0.04117004261393403,False,H=7_scaledK
2025-02-28,0.05255363509058952,0.8031659126281738,1.0,MILD,0.11760601133800441,0.11760601133800441,True,H=7_scaledK
2025-03-02,0.010448218323290348,0.4347844123840332,0.16271405022830238,MILD,-0.08538654927336375,-0.013893591267287526,False,H=7_scaledK
2025-03-03,0.03353576734662056,0.46338653564453125,0.45557172492528536,MILD,0.006740151803611649,0.003871929271510767,True,H=7_scaledK
2025-03-07,0.035296402871608734,0.4235810339450836,0.5739434188171408,MILD,-0.03247111953388038,-0.01759093351969528,False,H=7_scaledK
2025-03-14,0.06512352079153061,0.5830265283584595,1.0,MILD,0.0012572752645767515,0.0012572752645767515,True,H=7_scaledK
2025-03-21,0.04852072149515152,0.5829237699508667,0.3228296769319453,BEAR,0.003990900570694622,0.003068872491383691,True,H=7_scaledK
2025-03-28,0.00041141087422147393,0.311288982629776,0.0033299969856841923,BEAR,-0.006331228017309787,0.0025994723881668596,False,H=7_scaledK
2025-04-04,-0.030811462551355362,0.22465844452381134,0.0,BEAR,-0.015194325608085868,0.0015767579967480572,True,H=7_scaledK
2025-04-09,-0.027637619525194168,0.2104886770248413,0.0,BEAR,0.009787784865791016,0.0010508959505961535,False,H=7_scaledK
2025-04-11,-0.0329209640622139,0.14753654599189758,0.0,BEAR,0.012596519172457299,0.0021028962834912512,False,H=7_scaledK
2025-04-18,0.01006634533405304,0.5105193853378296,0.04653809941780859,BEAR,0.12031994435256266,0.007604493019409553,True,H=7_scaledK
2025-04-25,0.005187654867768288,0.4521803855895996,0.07470344255933059,MILD,0.023758361803017713,0.0037206341080247606,True,H=7_scaledK
2025-05-02,0.011040374636650085,0.391415536403656,0.19778058031046203,MILD,0.06280348454913631,0.014558489722986331,True,H=7_scaledK
2025-05-09,0.06264559924602509,0.31926050782203674,1.0,MILD,0.004777124342260297,0.004777124342260297,True,H=7_scaledK
2025-05-16,0.1264462023973465,0.7864981293678284,1.0,MILD,0.03725357346862057,0.03725357346862057,True,H=7_scaledK
2025-05-23,0.06535802036523819,0.5402376055717468,1.0,BULL,-0.031055467706812445,-0.031055467706812445,False,H=7_scaledK
2025-05-30,0.07836742699146271,0.6690990328788757,1.0,BULL,0.002913483690222929,0.002913483690222929,True,H=7_scaledK
2025-06-06,0.06805403530597687,0.5429627299308777,1.0,BULL,0.017050307780996476,0.017050307780996476,True,H=7_scaledK
2025-06-13,0.033655181527137756,0.4443734288215637,1.0,BULL,-0.026102470155776603,-0.026102470155776603,False,H=7_scaledK
2025-06-20,0.044159065932035446,0.6686533689498901,0.8764357574675903,MILD,0.0362988669963471,0.03215461177553597,True,H=7_scaledK
2025-06-27,0.057557620108127594,0.4446038603782654,1.0,BULL,0.008749846680341067,0.008749846680341067,True,H=7_scaledK
2025-07-04,0.03302482143044472,0.7128354907035828,1.0,BULL,0.08837789662639661,0.08837789662639661,True,H=7_scaledK
2025-07-11,-0.003968779928982258,0.3766462504863739,0.0,BULL,0.0033794597799359227,0.002759591103289827,False,H=7_scaledK
2025-07-18,0.010807233862578869,0.522489070892334,0.2702780851612865,BULL,-0.0026332874396945982,0.0013020142171846077,False,H=7_scaledK
2025-07-25,0.019859781488776207,0.6318069696426392,0.7476119695181732,BULL,-0.03669944584124163,-0.026740457222101693,False,H=7_scaledK
2025-08-01,-0.023404061794281006,0.33028969168663025,0.0,BULL,0.029804692813010902,0.002759591103289827,False,H=7_scaledK
2025-08-08,-0.0259503535926342,0.40196600556373596,0.0,BULL,0.005719404217228163,0.002759591103289827,False,H=7_scaledK
2025-08-15,-0.0769357830286026,0.09159974008798599,0.0,BULL,-0.0034604815579751813,0.002759591103289827,True,H=7_scaledK
2025-08-22,-0.06560913473367691,0.16309112310409546,0.0,BULL,-0.07319038390148325,0.002759591103289827,True,H=7_scaledK
2025-08-29,-0.049668896943330765,0.37180307507514954,0.0,MILD,0.021061494370597567,0.002759591103289827,False,H=7_scaledK
2025-09-05,-0.058184944093227386,0.28145503997802734,0.0,MILD,0.048521873172046925,0.002759591103289827,False,H=7_scaledK
2025-09-12,-0.014516985043883324,0.585700273513794,0.0,BULL,-0.003421890758395496,0.002759591103289827,True,H=7_scaledK
2025-09-19,-0.04630235582590103,0.24182763695716858,0.0,BULL,-0.05179275908703085,0.002759591103289827,True,H=7_scaledK
2025-09-26,-0.028063178062438965,0.3365707993507385,0.0,MILD,0.11481341431581948,0.002759591103289827,False,H=7_scaledK
2025-10-03,-0.05762897804379463,0.2072950154542923,0.0,BULL,-0.07737335558609859,0.002759591103289827,True,H=7_scaledK
2025-10-10,-0.0327308215200901,0.2690025866031647,0.0,MILD,-0.056243388354636936,0.002759591103289827,True,H=7_scaledK
2025-10-17,0.03134854882955551,0.7236059904098511,0.25963007196092136,BEAR,0.04296850336290858,0.013199033886725017,True,H=7_scaledK
2025-10-24,-0.05038492754101753,0.31060677766799927,0.0,MILD,-0.0125839501304853,0.002759591103289827,True,H=7_scaledK
2025-10-31,-0.059790827333927155,0.21631979942321777,0.0,MILD,-0.05719408645408297,0.002759591103289827,True,H=7_scaledK
2025-11-07,-0.02616693452000618,0.5478006601333618,0.0,BEAR,-0.08462510020410474,0.002759591103289827,True,H=7_scaledK
2025-11-14,0.030060410499572754,0.8697403073310852,0.2566590162641088,BEAR,-0.10005465462925778,-0.02403932786204571,False,H=7_scaledK
2025-11-21,0.051095347851514816,0.829785943031311,0.4348698569272283,BEAR,0.06767659550874483,0.030990039521234296,True,H=7_scaledK
2025-11-28,0.037992604076862335,0.8063867688179016,0.3223965801375018,BEAR,-0.017170733639415348,-0.0036658774347881565,False,H=7_scaledK
2025-12-05,0.02168307639658451,0.5052191019058228,0.09656309815922039,BEAR,0.01050464099198889,0.0035074771159403335,True,H=7_scaledK
2025-12-12,-0.007218238897621632,0.5035533905029297,0.0,BEAR,-0.023612687582213132,0.002759591103289827,True,H=7_scaledK
2025-12-19,0.02582395076751709,0.5503946542739868,0.15062016134286127,BEAR,-0.008706678493716757,0.0005632346221968339,False,H=7_scaledK
2025-12-26,0.024709245190024376,0.5402246117591858,0.1369090016770771,BEAR,0.030051313066015384,0.006019192624009776,True,H=7_scaledK
2026-01-02,0.0019880509935319424,0.3815101981163025,0.014575861092889067,BEAR,0.007179832953183141,0.0028240199344908468,True,H=7_scaledK
2026-01-09,-0.02375277504324913,0.24005527794361115,0.0,BEAR,0.054165828196600874,0.002759591103289827,False,H=7_scaledK
2026-01-16,0.011473672464489937,0.4619421362876892,0.0628393464102592,BEAR,-0.062277566290818376,-0.0013273013597370894,False,H=7_scaledK
2026-01-23,-0.00874232780188322,0.30089402198791504,0.0,BEAR,-0.059595474388132286,0.002759591103289827,True,H=7_scaledK
2026-01-30,-0.017731856554746628,0.3581104576587677,0.0,BEAR,-0.2533883911664886,0.00220706432665585,True,H=7_scaledK
2026-02-05,0.08114588260650635,0.850411057472229,0.6919275528293476,BEAR,0.12192683309102881,0.08453437866575755,True,H=7_scaledK
2026-02-06,0.04054468497633934,0.7398537397384644,0.33826296812689777,BEAR,-0.024458680089871954,-0.006447342097791917,False,H=7_scaledK
2026-02-13,0.034421052783727646,0.7703233957290649,0.2900093937228925,BEAR,-0.012111866913682379,-0.0023376329086587377,False,H=7_scaledK
2026-02-20,0.04200730472803116,0.7148846387863159,0.34627243839485966,BEAR,-0.03157761958576588,-0.009130438569687533,False,H=7_scaledK
2026-02-27,0.041758034378290176,0.80609130859375,0.35433343563129643,BEAR,0.03403443946678486,0.013841315572774852,True,H=7_scaledK
2026-03-06,0.01238380279392004,0.6354274749755859,0.09383977657218963,BEAR,0.04134214953103621,0.006380169765732999,True,H=7_scaledK
2026-03-13,0.04569219797849655,0.8095345497131348,0.38791236128141604,BEAR,-0.005911039052587164,-0.0006144659554109088,False,H=7_scaledK
2026-03-20,0.03805083408951759,0.7856584787368774,0.3217182369771193,BEAR,-0.05819610717404289,-0.016880368603857616,False,H=7_scaledK
2026-03-27,0.07106278091669083,0.9243932962417603,0.6080641701707553,BEAR,0.008387935780534983,0.005951847553346807,True,H=7_scaledK
2026-04-03,0.08822156488895416,0.9449005126953125,0.755230263029549,BEAR,0.08957608755710122,0.0683154270831005,True,H=7_scaledK
2026-04-10,0.07960139214992523,0.9439196586608887,0.6814235909310661,BEAR,0.05632055831267224,0.03924348911203453,True,H=7_scaledK
2026-04-17,0.011896156705915928,0.6248327493667603,0.08837956690412853,BEAR,-0.009547565912393696,-0.0003491097961021444,False,H=7_scaledK
