date,regime,K_base,conf,pred_mean,pred_q10,pred_q50,pred_q90,p_up,btc_fwd,cdi
2022-01-07,BEAR,15,0.8091354990019222,0.035596251487731934,-0.0531933531165123,0.020835649222135544,0.08932355791330338,0.5962935090065002,0.03592991275662505,0.0017386579126654755
2022-01-14,BEAR,15,0.9038275532128985,-0.018059028312563896,-0.053107403218746185,-0.010568405501544476,0.04420868307352066,0.3506336212158203,-0.15361486633986654,0.0017386579126654755
2022-01-21,BEAR,15,0.953139715938573,0.0681089535355568,-0.047401830554008484,0.04193957895040512,0.11309169232845306,0.7008394002914429,0.034881031331603474,0.0017386579126654755
2022-01-28,BEAR,15,0.9883403169008537,0.03441493958234787,-0.048992790281772614,0.020629489794373512,0.08410508930683136,0.7959926724433899,0.10228106699020278,0.0018471915746878231
2022-02-04,BEAR,15,0.9436765344444779,-0.016254514455795288,-0.051714807748794556,-0.01017384510487318,0.06341560930013657,0.3120885193347931,0.019230172522655353,0.0020100141164518526
2022-02-11,BEAR,15,0.9916276805965754,-0.0003126841620542109,-0.0424032025039196,-0.004009820520877838,0.06158614158630371,0.1817055493593216,-0.056622109972381485,0.0020100141164518526
2022-02-18,BEAR,15,0.9925150066715316,-0.006809882819652557,-0.042213864624500275,-0.004571069963276386,0.053207218647003174,0.17417719960212708,-0.018893823152994815,0.0020100141164518526
2022-02-25,BEAR,15,0.775920425846901,0.03539709374308586,-0.03839278221130371,0.022474560886621475,0.0822804868221283,0.5828032493591309,0.10048223866032857,0.0
2022-02-28,BEAR,15,0.9472812850748761,0.0010736759286373854,-0.04801182448863983,0.005384210497140884,0.06147770956158638,0.30742496252059937,-0.09294114921223351,0.0012055241052768562
2022-03-04,BEAR,15,0.9311668252060583,0.006207507103681564,-0.04658045619726181,0.006535311229526997,0.059725575149059296,0.32634982466697693,0.07134471524695862,0.0012055241052768562
2022-03-09,BEAR,15,0.9369169321722599,0.006324776913970709,-0.04210226982831955,0.012046219781041145,0.06734902411699295,0.3201238512992859,-0.0765858139784954,0.0008035213468222668
2022-03-11,BEAR,15,0.7556340618232678,0.022352227941155434,-0.03951047360897064,0.014236566610634327,0.07174449414014816,0.42474064230918884,0.07818160645728844,0.0020815502142947917
2022-03-18,BEAR,15,0.9727782563295045,-0.005717151798307896,-0.05222468450665474,0.00501308124512434,0.06780171394348145,0.2615906596183777,0.061202164592668584,0.0021888639370755136
2022-03-25,BEAR,15,0.7122760758372335,0.01399330236017704,-0.046650730073451996,0.01607009395956993,0.07704737037420273,0.5604309439659119,0.04446376651992301,0.0021888639370755136
2022-04-01,BEAR,15,0.8438562543414921,0.01124671008437872,-0.0554371252655983,0.0106374965980649,0.06774184107780457,0.3875196576118469,-0.08710406237731849,0.0021888639370755136
2022-04-08,BEAR,15,0.8315720347383112,-0.00041517947101965547,-0.06108449772000313,0.006114064250141382,0.07014668732881546,0.3935460150241852,-0.04023737568934593,0.0017507081948180403
2022-04-15,BEAR,15,0.5134656791245872,-0.024847865104675293,-0.08969300985336304,0.014222502708435059,0.08216840028762817,0.5035917162895203,-0.020781270421361242,0.0017507081948180403
2022-04-22,BEAR,15,0.9588494838439858,-0.05480130761861801,-0.0932803675532341,-0.0008447334985248744,0.07292494177818298,0.2901001572608948,-0.0280305460853133,0.0021888639370755136
2022-04-29,BEAR,15,0.6396589269799209,-0.04796280711889267,-0.11074364185333252,0.010141837410628796,0.08391155302524567,0.46174106001853943,-0.06690674267432661,0.0022597891420201854
2022-05-06,BEAR,15,0.914701413277684,-0.049171775579452515,-0.1052485927939415,0.006044051144272089,0.0779448002576828,0.3418373465538025,-0.16486638305292656,0.0004727899999998897
2022-05-09,BEAR,15,0.556522189371493,-0.003283834084868431,-0.10211040824651718,0.02732941508293152,0.13202610611915588,0.48486271500587463,-0.0262419159797197,0.0018925016050859167
2022-05-13,BEAR,15,0.904976994524653,-0.007000301033258438,-0.10788287222385406,0.02893984317779541,0.12243615090847015,0.6502526998519897,-0.0029378172263850866,0.0023661863609196754
2022-05-20,BEAR,15,0.6562715318205238,-0.03702261298894882,-0.10674262046813965,0.015714814886450768,0.08689406514167786,0.5431148409843445,-0.019561309694424933,0.0023661863609196754
2022-05-27,BEAR,15,0.5032393926124626,-0.022928278893232346,-0.09420861303806305,0.020099878311157227,0.08329205960035324,0.49913614988327026,0.03738796638467612,0.0023661863609196754
2022-06-03,BEAR,15,0.7030858678073048,-0.05918179079890251,-0.10953958332538605,0.004187953658401966,0.06595877557992935,0.5574690699577332,-0.02048234675781746,0.0023661863609196754
2022-06-10,BEAR,15,0.694399252050843,-0.04335933178663254,-0.0800858736038208,0.0020863593090325594,0.05181190371513367,0.4452821612358093,-0.22702107942147431,0.0004727899999998897
2022-06-13,BEAR,15,0.8241426908425735,-0.010414494201540947,-0.10976327955722809,0.02761773206293583,0.11576483398675919,0.6029780507087708,-0.09276746410547054,0.0009458035303839818
2022-06-16,BEAR,15,0.9703452733835038,-0.004539967514574528,-0.1097392588853836,0.03538878634572029,0.12972059845924377,0.7325353622436523,0.0033086110646816103,0.0004903700000000732
2022-06-17,BEAR,15,0.971868508168759,-0.027637917548418045,-0.10942135006189346,0.022252991795539856,0.11541809886693954,0.7361553907394409,0.005139038371062998,0.0
2022-06-19,BEAR,15,0.9571876868607682,-0.03103777766227722,-0.10477902740240097,0.019737428054213524,0.11432661861181259,0.7071449160575867,0.032258675998833475,0.002454255806815686
2022-06-24,BEAR,15,0.8772936428484192,-0.061568282544612885,-0.10375268757343292,-0.0031015798449516296,0.072832390666008,0.3688634932041168,-0.09218940477989834,0.002454255806815686
2022-07-01,BEAR,15,0.8722124281777348,0.007951870560646057,-0.07866309583187103,0.009585442952811718,0.07193474471569061,0.6280442476272583,0.12007126629944298,0.002454255806815686
2022-07-08,BEAR,15,0.9679291385489167,-0.03750641271471977,-0.07844769209623337,-0.02868233248591423,0.03906219080090523,0.2728525996208191,-0.035411847787077844,0.002454255806815686
2022-07-15,BEAR,15,0.9223243267683198,-0.05077173560857773,-0.09432041645050049,-0.028854236006736755,0.03729164972901344,0.3350430130958557,0.08904399607489966,0.002454255806815686
2022-07-22,BEAR,15,0.9679582119896679,-0.051725756376981735,-0.11047015339136124,-0.02114972099661827,0.06447125226259232,0.2727901339530945,0.04800212300466877,0.002454255806815686
2022-07-29,BEAR,15,0.991870069508715,-0.06629516929388046,-0.10607808828353882,-0.02983742579817772,0.054217226803302765,0.17973068356513977,-0.019405016036595057,0.0024893448554390574
2022-08-05,BEAR,15,0.9842527341290305,-0.0601019486784935,-0.10577110946178436,-0.026226216927170753,0.052304528653621674,0.22431893646717072,0.04681024106463427,0.002541980731312954
2022-08-12,BEAR,15,0.9668765004099314,-0.04187818244099617,-0.09724089503288269,-0.02307664230465889,0.05108761787414551,0.275078147649765,-0.1462603181159563,0.002541980731312954
2022-08-19,BEAR,15,0.9073878381516725,-0.05936663597822189,-0.12026610225439072,-0.02839643321931362,0.05566130951046944,0.34785670042037964,-0.028478875551432026,0.002541980731312954
2022-08-26,BEAR,15,0.7911368779096449,-0.04510875046253204,-0.11321554332971573,-0.011128479614853859,0.04958333447575569,0.5887861251831055,-0.014287302289159864,0.002541980731312954
2022-09-02,BEAR,15,0.806106247141714,-0.039562031626701355,-0.08834177255630493,-0.020149651914834976,0.034759778529405594,0.4050063192844391,0.0705823918171038,0.00203306817664739
2022-09-09,BEAR,15,0.9945648941777836,-0.05891004949808121,-0.08799959719181061,-0.04098915681242943,0.0313822366297245,0.15270490944385529,-0.05554933939946938,0.0010160179420943827
2022-09-13,BEAR,15,0.9812538873218145,-0.05087573081254959,-0.08984363079071045,-0.036680132150650024,0.034505221992731094,0.23614367842674255,-0.018354212962802374,0.001524413957286752
2022-09-16,BEAR,15,0.8760812134257235,-0.05759316682815552,-0.09543611109256744,-0.02105589210987091,0.0342000313103199,0.3696111738681793,-0.02592446713426544,0.002541980731312954
2022-09-23,BEAR,15,0.8130902473700802,-0.03674192354083061,-0.08533819019794464,-0.018417585641145706,0.03421573340892792,0.4019855856895447,0.006879244122963701,0.002541980731312954
2022-09-30,BEAR,15,0.9865643660605589,-0.062494486570358276,-0.1046585813164711,-0.023572120815515518,0.03524734452366829,0.21357879042625427,0.005533756791697986,0.002541980731312954
2022-10-07,BEAR,15,0.5029946505565936,-0.05374615266919136,-0.102442167699337,-0.016781339421868324,0.034076590090990067,0.5007985830307007,-0.018082865977576135,0.00203306817664739
2022-10-14,BEAR,15,0.7625944886059037,-0.04840165376663208,-0.11514552682638168,-0.01073607336729765,0.04152243211865425,0.5777971148490906,-0.0006549536343930518,0.002541980731312954
2022-10-21,BEAR,15,0.9478855333352212,-9.39400852075778e-05,-0.09905841201543808,0.007312789559364319,0.07934614270925522,0.6933860778808594,0.07448562097266964,0.002541980731312954
2022-10-28,BEAR,15,0.5770375514267619,-0.007857189513742924,-0.09703134000301361,-0.0004989049630239606,0.08236736059188843,0.5207082629203796,0.027034009588264185,0.00203306817664739
2022-11-04,BEAR,15,0.7574700508127249,-0.022504935041069984,-0.10801593214273453,-0.007056539412587881,0.07369717955589294,0.4240760803222656,-0.12300104215330443,0.0010160179420943827
2022-11-08,BEAR,15,0.8943137599332189,-0.003443910973146558,-0.10002674907445908,-0.000997216091491282,0.051663778722286224,0.6423721313476562,-0.14149929666047167,0.0005078800000000161
2022-11-09,BEAR,15,0.8090823341363106,0.00214511901140213,-0.10390286147594452,0.0026669646613299847,0.08257728815078735,0.5962705612182617,0.10540476209915228,0.0005078800000000161
2022-11-10,BEAR,15,0.6366536157582369,-0.02446751296520233,-0.11247666925191879,0.0018199399346485734,0.08489888161420822,0.4626087248325348,-0.03015939299420778,0.0005078800000000161
2022-11-11,BEAR,15,0.5683095002552541,-0.02227700874209404,-0.1109442338347435,-0.002753566252067685,0.10401890426874161,0.48166951537132263,-0.021666859008418693,0.00203306817664739
2022-11-18,BEAR,15,0.6094535982603605,-0.010216942988336086,-0.08806773275136948,-0.005256698466837406,0.06385153532028198,0.5296677350997925,-0.010676957806526222,0.002541980731312954
2022-11-25,BEAR,15,0.9841155148319337,-0.027619633823633194,-0.0823972225189209,-0.02331184223294258,0.05412007123231888,0.22490663826465607,0.034535477849721774,0.002541980731312954
2022-12-02,BEAR,15,0.9859661036881207,-0.034753911197185516,-0.08788473904132843,-0.024027083069086075,0.045846886932849884,0.21652357280254364,0.0020956265642606553,0.002541980731312954
2022-12-09,BEAR,15,0.9626851113571211,-0.03074093535542488,-0.0824093446135521,-0.01929379440844059,0.04124780744314194,0.28331106901168823,-0.02898317196541933,0.002541980731312954
2022-12-16,BEAR,15,0.9960391839582033,-0.062323085963726044,-0.09345531463623047,-0.03346071392297745,0.028235506266355515,0.1315108984708786,0.008801042801519054,0.002541980731312954
2022-12-23,BEAR,15,0.9961245494966613,-0.06606204807758331,-0.10129714012145996,-0.032748281955718994,0.035818371921777725,0.13005264103412628,-0.0101928062699288,0.002541980731312954
2022-12-30,BEAR,15,0.9949263167432314,-0.06267876923084259,-0.09739966690540314,-0.027499675750732422,0.041686296463012695,0.14809322357177734,0.020663580507096935,0.002541980731312954
2023-01-06,BEAR,15,0.6558926708333491,-0.0037640552036464214,-0.042531974613666534,-0.003286226885393262,0.05535200238227844,0.4569970965385437,0.17576671101108188,0.002541980731312954
2023-01-13,MILD,30,0.5585578198349198,-0.008911190554499626,-0.05085106939077377,-0.0050016772001981735,0.04251833260059357,0.48431259393692017,0.1373406235119803,0.002541980731312954
2023-01-20,MILD,30,0.6786061074965758,-0.03101710043847561,-0.08134351670742035,-0.003963748458772898,0.0631662905216217,0.45017510652542114,0.017953246120717914,0.002541980731312954
2023-01-27,MILD,30,0.905130651812029,0.005614811554551125,-0.06454252451658249,0.01337999664247036,0.06874851882457733,0.6503719091415405,0.015503923003047593,0.002541980731312954
2023-02-03,MILD,30,0.9240785749791459,0.0056526558473706245,-0.07314783334732056,0.010671091265976429,0.06340436637401581,0.6666065454483032,-0.07710471622019566,0.002541980731312954
2023-02-10,BULL,60,0.9809467900702343,0.009303061291575432,-0.08363138139247894,0.012485416606068611,0.07153813540935516,0.7627521753311157,0.12480167804306008,0.001524413957286752
2023-02-15,BULL,60,0.8467636617032374,-0.015984375029802322,-0.06128254532814026,-0.00587892159819603,0.05554341524839401,0.38603731989860535,0.010110158464565089,0.0010160179420943827
2023-02-17,BULL,60,0.534808742203579,-0.022019037976861,-0.06247425079345703,-0.005335354711860418,0.04429652541875839,0.49070262908935547,-0.05635660116801122,0.001524413957286752
2023-02-24,BULL,60,0.5261029743931914,-0.007873853668570518,-0.051515769213438034,-0.0032455995678901672,0.03850603103637695,0.5069671273231506,-0.035839534463446454,0.002541980731312954
2023-03-03,MILD,30,0.616738859894202,0.005732162855565548,-0.05077042058110237,0.0022084484808146954,0.04542175680398941,0.5317152738571167,-0.09857817318695172,0.002541980731312954
2023-03-10,MILD,30,0.910529695693447,0.015869004651904106,-0.06981617212295532,0.01351697277277708,0.06837093085050583,0.6546746492385864,0.19665778194195838,0.0005078800000000161
2023-03-13,BULL,60,0.9919869825675279,-0.02532314695417881,-0.06507040560245514,-0.014918756671249866,0.0452304407954216,0.17875716090202332,0.13609192866396724,0.00203306817664739
2023-03-17,BULL,60,0.8794641711767182,-0.031785428524017334,-0.07364621013402939,-0.017324477434158325,0.05199568346142769,0.3675089478492737,0.002166078423427864,0.002541980731312954
2023-03-24,BULL,60,0.5832008068544046,-0.016367711126804352,-0.06021170690655708,-0.01137491874396801,0.04790869727730751,0.522395133972168,0.03682059788442471,0.002541980731312954
2023-03-31,BULL,60,0.8829201319408805,-0.02020375430583954,-0.06525088846683502,-0.01531859952956438,0.05072825402021408,0.36530810594558716,-0.01963895766644086,0.00203306817664739
2023-04-07,BULL,60,0.829513875386319,-0.0012559619499370456,-0.06819184124469757,-0.0029676828999072313,0.07095693796873093,0.6054790616035461,0.09175695980087673,0.002541980731312954
2023-04-14,BULL,60,0.6886094384751278,-0.01941218040883541,-0.07661916315555573,-0.003533239709213376,0.04269362613558769,0.5529084205627441,-0.10516615884829883,0.00203306817664739
2023-04-21,BULL,60,0.6079062522941073,-0.011919975280761719,-0.0683925598859787,-0.00808709766715765,0.044720377773046494,0.5292346477508545,0.0751521118122691,0.002541980731312954
2023-04-28,BULL,60,0.8840598871434497,-0.019475629553198814,-0.06594327837228775,-0.010153133422136307,0.04432002082467079,0.36456993222236633,0.0066154470740353855,0.00203306817664739
2023-05-05,BULL,60,0.8105517111933788,-0.0049047283828258514,-0.04849112778902054,-0.008701726794242859,0.051706887781620026,0.4030933976173401,-0.09186727540965944,0.002541980731312954
2023-05-12,MILD,30,0.6719979991603885,-0.007484042551368475,-0.07943759858608246,-0.0017438667127862573,0.04700417444109917,0.4521842896938324,0.003181562537203808,0.002541980731312954
2023-05-19,MILD,30,0.9858602134081387,-0.030603032559156418,-0.06560105085372925,-0.01055990718305111,0.03879354149103165,0.21703186631202698,-0.006485800360562011,0.002541980731312954
2023-05-26,MILD,30,0.5547711007264133,-0.012237707152962685,-0.06057925149798393,-0.0018556092400103807,0.049097947776317596,0.5146644711494446,0.020095544358704087,0.002541980731312954
2023-06-02,MILD,30,0.8395873861322015,-0.014118614606559277,-0.05570352077484131,-0.006955423858016729,0.04027163237333298,0.3896559178829193,-0.02807295488424555,0.00203306817664739
2023-06-09,MILD,30,0.8108792767228092,-0.01112356036901474,-0.0580630823969841,-0.005175390280783176,0.04298662766814232,0.40295109152793884,-0.005015898218168391,0.002541980731312954
2023-06-16,MILD,30,0.8925701422719609,-0.012410161085426807,-0.06534513086080551,-0.004968202672898769,0.046007342636585236,0.3588488698005676,0.16486999430631988,0.002541980731312954
2023-06-23,BULL,60,0.8613527732079468,-0.022276615723967552,-0.06699657440185547,-0.007150569465011358,0.05216292291879654,0.3782285749912262,-0.007054759926356735,0.002541980731312954
2023-06-30,BULL,60,0.7730510894201114,-0.002583218039944768,-0.056963901966810226,0.0005811564042232931,0.049000632017850876,0.5817080140113831,-0.004177605670779738,0.002541980731312954
2023-07-07,BULL,60,0.948012495957403,0.012307981960475445,-0.02910437248647213,0.005766499787569046,0.05025465041399002,0.693557620048523,-0.0010772886204181154,0.002541980731312954
2023-07-14,BULL,60,0.9109932281699821,0.012110571376979351,-0.03411504253745079,0.00695786252617836,0.053202249109745026,0.6550548672676086,-0.013535559007799125,0.002541980731312954
2023-07-21,BULL,60,0.7967493212116309,0.009533251635730267,-0.030293619260191917,0.004102970473468304,0.04881828650832176,0.5910733342170715,-0.019650374627279033,0.002541980731312954
2023-07-28,BULL,60,0.6190987902071927,0.007328624837100506,-0.03148280456662178,0.00023228969075717032,0.04931214079260826,0.5323816537857056,-0.006827762984007002,0.002506889840332871
2023-08-04,MILD,30,0.9546807365715623,0.0237784031778574,-0.03492012992501259,0.006961958948522806,0.057984381914138794,0.7031763195991516,0.010717871373865151,0.002454255806815686
2023-08-11,MILD,30,0.8637794776211526,0.0004534825566224754,-0.03958434984087944,0.0002186718920711428,0.047738682478666306,0.6231361627578735,-0.11459343988978465,0.002454255806815686
2023-08-18,BEAR,15,0.9918482494120111,0.0343993604183197,-0.06404678523540497,0.019460782408714294,0.08413656055927277,0.8200891613960266,0.00023067475243720992,0.002454255806815686
2023-08-25,BEAR,15,0.9875833927118638,0.023642241954803467,-0.031516727060079575,0.016542410477995872,0.05985339730978012,0.7917484045028687,-0.009783572607992008,0.002454255806815686
2023-09-01,BEAR,15,0.9555704330277406,0.01389346458017826,-0.038362301886081696,0.011121093295514584,0.049647022038698196,0.7045602202415466,0.004086409443113004,0.001962923248142401
2023-09-08,BEAR,15,0.9585610449710948,0.011095814406871796,-0.039747126400470734,0.012277252972126007,0.05154582858085632,0.7094141244888306,0.026610833445900317,0.002454255806815686
2023-09-15,BEAR,15,0.9191532629762956,0.0013928075786679983,-0.031750813126564026,0.004660312086343765,0.03853127360343933,0.6620598435401917,-0.0007466165413534398,0.0024190270999451258
2023-09-22,BEAR,15,0.7712478342876873,0.0023714019916951656,-0.028841203078627586,0.007226784713566303,0.03759000822901726,0.581024706363678,0.012295646298326579,0.0023661863609196754
2023-09-29,BEAR,15,0.7212947649752038,0.005669832695275545,-0.034793488681316376,0.007895461283624172,0.058239709585905075,0.5633928775787354,0.03806189922607395,0.0023661863609196754
2023-10-06,BEAR,15,0.8565977734533685,0.026320328935980797,-0.02993156388401985,0.009429178200662136,0.07347874343395233,0.6191543340682983,-0.03827598564896684,0.0018925016050859167
2023-10-13,BEAR,15,0.8956410949302763,0.01972607895731926,-0.0299078281968832,0.011798848398029804,0.054425012320280075,0.6433135867118835,0.10449854813491188,0.0023661863609196754
2023-10-20,MILD,30,0.9232454287101216,0.012873108498752117,-0.03617435693740845,0.01340402103960514,0.07013975083827972,0.6658188104629517,0.11462959367744951,0.0004727899999998897
2023-10-23,MILD,30,0.9083952278184019,0.022496674209833145,-0.032393209636211395,0.014297902584075928,0.07590605318546295,0.652946412563324,0.024857279968938606,0.0018925016050859167
2023-10-27,MILD,30,0.9269540011049145,0.02294590137898922,-0.029083872213959694,0.012671301141381264,0.06338594853878021,0.6693876385688782,0.02433493193973102,0.0018748165448274623
2023-11-03,BULL,60,0.9888626801541945,0.020725425332784653,-0.03543400019407272,0.011920944787561893,0.06452584266662598,0.7990835905075073,0.07445534983371149,0.002277722376154756
2023-11-10,BULL,60,0.9068800819087445,-0.007139456458389759,-0.05486023426055908,-0.009338966570794582,0.06877987086772919,0.34825852513313293,-0.018436459747201428,0.0018217632370527426
2023-11-17,BULL,60,0.839252413833773,0.011258808895945549,-0.040920086205005646,0.007645498961210251,0.061118461191654205,0.6101784110069275,0.030033659329566476,0.002277722376154756
2023-11-24,BULL,60,0.8221880674296105,0.007792566902935505,-0.042656101286411285,0.0065301647409796715,0.0590515062212944,0.6020828485488892,0.025692343631217973,0.002277722376154756
2023-12-01,BULL,60,0.5474350570875671,0.015559783205389977,-0.045564524829387665,0.005987202282994986,0.07966812700033188,0.4873124957084656,0.14188501679828525,0.002277722376154756
2023-12-08,BULL,60,0.8971884626281952,0.002147065941244364,-0.049616679549217224,0.005595135036855936,0.06701874732971191,0.644424557685852,-0.05050124527433042,0.0022421780551329373
2023-12-15,BULL,60,0.9876921378397001,0.023209737613797188,-0.042417339980602264,0.013962237164378166,0.06094308942556381,0.7923421859741211,0.04837209080526361,0.0021888639370755136
2023-12-22,BULL,60,0.5313997019570608,0.0026234860997647047,-0.041589148342609406,0.0031568878330290318,0.053884685039520264,0.4916157126426697,-0.04325975732015086,0.0017507081948180403
2023-12-29,BULL,60,0.9279700930248368,0.0045453645288944244,-0.05288117006421089,0.008530714549124241,0.0571276918053627,0.6703945398330688,0.049401252051789024,0.0017507081948180403
2024-01-05,BULL,60,0.795094793127276,-0.008665445260703564,-0.04455273225903511,-0.0024857944808900356,0.03553356975317001,0.4096057415008545,-0.030861402316134212,0.0021888639370755136
2024-01-12,BULL,60,0.5466348566677288,0.0020383999217301607,-0.04165934398770332,0.0001516223856015131,0.043945856392383575,0.4875277876853943,-0.026265271056802653,0.0021888639370755136
2024-01-19,MILD,30,0.9405899606923482,0.016881536692380905,-0.03220609575510025,0.008799481205642223,0.046909697353839874,0.6841362714767456,0.003948243634093407,0.0021888639370755136
2024-01-26,MILD,30,0.733886343162561,0.0089182760566473,-0.03267618268728256,0.003516625612974167,0.04349425435066223,0.4323712885379791,0.032911871815636706,0.00215316185980452
2024-02-02,BULL,60,0.980100577599896,0.02212759293615818,-0.031153488904237747,0.014238175936043262,0.06143481284379959,0.7597976326942444,0.09103634259259241,0.002099611128611123
2024-02-09,BULL,60,0.9163611812524253,0.0185338594019413,-0.038735825568437576,0.012069771066308022,0.06293270736932755,0.6595935225486755,0.10589956838946679,0.001259238190815637
2024-02-16,BULL,60,0.9390066093287094,0.0017188623314723372,-0.0389963798224926,0.0037118555046617985,0.04811786860227585,0.6822704672813416,-0.026474504792503906,0.002099611128611123
2024-02-23,BULL,60,0.9627730769156236,0.027609193697571754,-0.04284793138504028,0.016934338957071304,0.06731104850769043,0.7168523669242859,0.23033098396563934,0.001259238190815637
2024-02-28,BULL,60,0.5802260704605042,0.0026042121462523937,-0.05115089565515518,-0.0005253535928204656,0.08383785933256149,0.5215801000595093,-0.0007079691376711272,0.0008393160389850163
2024-03-01,BULL,60,0.9673948648783046,-0.02775466814637184,-0.058192480355501175,-0.020764928311109543,0.06858060508966446,0.2739908695220947,0.0938933671433082,0.00041957000000003575
2024-03-04,BULL,60,0.9873910795481073,-0.0437658317387104,-0.0714024007320404,-0.024456894025206566,0.0714014396071434,0.20928922295570374,-0.0017806247454968949,0.0016793365293834572
2024-03-08,BULL,60,0.991693387856696,-0.04048525542020798,-0.06637778133153915,-0.023863906040787697,0.052431620657444,0.1811758577823639,0.020193414409771293,0.002099611128611123
2024-03-15,BULL,60,0.9781516309190246,-0.02936232089996338,-0.06683161109685898,-0.01489792950451374,0.05516990274190903,0.2465641051530838,-0.10881246506287434,0.0008393160389850163
2024-03-19,BULL,60,0.671798042618961,0.006487078964710236,-0.052579332143068314,0.007448251359164715,0.05722469091415405,0.547755241394043,0.09530768162693293,0.00041957000000003575
2024-03-20,BULL,60,0.6985641410902723,-0.01347334124147892,-0.05795537307858467,-0.004415650852024555,0.05302462726831436,0.44396868348121643,-0.05960848466498847,0.0008035213468222668
2024-03-22,BULL,60,0.7318276317278244,-0.002064369386062026,-0.0527607798576355,0.0016237355303019285,0.05586837977170944,0.4330723285675049,0.09489371227074028,0.0016076883401994202
2024-03-29,BULL,60,0.8589381135923165,-0.008486619219183922,-0.06494869291782379,-0.0021207635290920734,0.06155134364962578,0.6204332113265991,-0.029060906329428482,0.0020100141164518526
2024-04-05,BULL,60,0.8928419500020337,-0.019846443086862564,-0.0598432719707489,-0.009859763085842133,0.04727794975042343,0.35865968465805054,-0.010381798338027437,0.0020100141164518526
2024-04-12,BULL,60,0.8993761453777185,-0.018634367734193802,-0.06057215854525566,-0.005354958586394787,0.049390196800231934,0.3539792001247406,-0.049146022469579775,0.0020100141164518526
2024-04-19,MILD,30,0.9681399649349646,0.004253731109201908,-0.049249328672885895,-0.001958592562004924,0.0641641616821289,0.2723983824253082,-0.0007521387771257659,0.0020100141164518526
2024-04-26,MILD,30,0.5698665019492085,0.004981777630746365,-0.059275757521390915,0.0017106495797634125,0.06422735005617142,0.5187537670135498,-0.013925040940090838,0.0016076883401994202
2024-05-03,MILD,30,0.7443307760108726,0.004660304635763168,-0.05004078149795532,-7.977220229804516e-05,0.06152600049972534,0.5712400674819946,-0.0331099467081285,0.0019920253231069385
2024-05-10,MILD,30,0.9763844346206004,-0.01071457751095295,-0.05453246086835861,-0.0058234925381839275,0.044406961649656296,0.25186997652053833,0.10236860236325707,0.0019650427386139757
2024-05-17,BULL,60,0.5002418458273156,0.0014767327811568975,-0.04971260577440262,-0.009670133702456951,0.07072281837463379,0.500064492225647,0.022767814514203844,0.0019650427386139757
2024-05-24,BULL,60,0.5353825759029555,-0.00842735543847084,-0.05038023740053177,-0.003427307354286313,0.05717632919549942,0.49054884910583496,-0.014733481361558387,0.0015717255220015769
2024-05-31,BULL,60,0.7572865377319092,-0.0035321549512445927,-0.051901496946811676,-0.0021595959551632404,0.0480387881398201,0.5758573412895203,0.026881695753376622,0.0019650427386139757
2024-06-07,BULL,60,0.5344311404096748,-0.012102765031158924,-0.049425117671489716,-0.00981950294226408,0.044312041252851486,0.4908038079738617,-0.04774827122827863,0.0019650427386139757
2024-06-14,BULL,60,0.582971942209701,-0.01296283584088087,-0.07148327678442001,0.0009400222334079444,0.05644400045275688,0.5223323702812195,-0.028775214822726602,0.0019650427386139757
2024-06-21,MILD,30,0.6204007879377893,-0.00456256652250886,-0.06782738864421844,0.001326241297647357,0.0579986572265625,0.4672500193119049,-0.05792818484037998,0.0019650427386139757
2024-06-28,MILD,30,0.9439499135784003,-0.011964870616793633,-0.06809286773204803,-0.004122389480471611,0.049237288534641266,0.3117448389530182,-0.06286920068630608,0.0019650427386139757
2024-07-05,BEAR,15,0.9702525411249022,0.0012979950988665223,-0.054991208016872406,0.013819277286529541,0.046272456645965576,0.7323208451271057,0.02225564063791574,0.0019650427386139757
2024-07-12,BEAR,15,0.831024915461834,0.017006898298859596,-0.03502710908651352,0.011284176260232925,0.05111800506711006,0.6061939001083374,0.15151211540687282,0.0019650427386139757
2024-07-19,BULL,60,0.9154973787292116,-0.004642506595700979,-0.04180407524108887,-0.007186484523117542,0.05082296207547188,0.3411543369293213,0.018721722172217348,0.0019650427386139757
2024-07-26,BULL,60,0.8928588858029709,-0.005386232398450375,-0.03289816156029701,-0.006862959824502468,0.03777918219566345,0.358647882938385,-0.09438742039044301,0.0019650427386139757
2024-08-02,MILD,30,0.8490053286988674,-0.006440780125558376,-0.05367954820394516,-0.0013351254165172577,0.0397484116256237,0.38487860560417175,0.003051464974739959,0.0015717255220015769
2024-08-08,BEAR,15,0.9448049068411698,0.009201622568070889,-0.04914776235818863,0.002105393446981907,0.05838197469711304,0.3106597065925598,-0.013747043696631933,0.00039269999999991256
2024-08-09,BEAR,15,0.9678477891332833,0.012825836427509785,-0.04537143185734749,0.0024518563877791166,0.058367036283016205,0.27302709221839905,-0.03227243372110089,0.0019650427386139757
2024-08-16,BEAR,15,0.8982288727070661,0.018888209015130997,-0.03830130025744438,0.003608176950365305,0.058411430567502975,0.3548201024532318,0.08768874862844078,0.0019650427386139757
2024-08-23,MILD,30,0.6002955329979877,0.010169059038162231,-0.04408087208867073,0.0009019044227898121,0.06160702556371689,0.4728868901729584,-0.07672488695640223,0.0019650427386139757
2024-08-30,BEAR,15,0.7577839562809277,0.0004697245603892952,-0.04219964146614075,0.0004855402803514153,0.043213047087192535,0.4239621162414551,-0.087291470010735,0.0019650427386139757
2024-09-06,BEAR,15,0.9591028377280133,0.01815728470683098,-0.04353673756122589,0.01921870931982994,0.05954383686184883,0.7103291749954224,0.12110211873067778,0.0019650427386139757
2024-09-13,BEAR,15,0.9344980519504489,0.004067368805408478,-0.035048775374889374,0.0008816779591143131,0.04514319449663162,0.32280468940734863,0.044679989421138044,0.0019830310475399404
2024-09-20,BEAR,15,0.8920189372918534,0.015317166224122047,-0.032541997730731964,0.012308637611567974,0.06074269488453865,0.6407687664031982,0.04064647660125886,0.0020100141164518526
2024-09-27,MILD,30,0.9161746057634741,0.0012732381001114845,-0.02991035208106041,-0.00021990868845023215,0.042296506464481354,0.3405686020851135,-0.056012662317669326,0.0020100141164518526
2024-10-04,BEAR,15,0.5564095389850506,0.006771475076675415,-0.027351850643754005,0.0029666912741959095,0.03425910696387291,0.5151068568229675,0.007312437586573406,0.0020100141164518526
2024-10-11,BEAR,15,0.6464030371614867,-0.0027692627627402544,-0.034452132880687714,0.003123000729829073,0.03315915912389755,0.5402176976203918,0.09414774544291649,0.0020100141164518526
2024-10-18,MILD,30,0.8950977504414644,-0.013677527196705341,-0.03321591764688492,-0.007269134279340506,0.03337935730814934,0.3570730686187744,-0.025277225697083017,0.0020100141164518526
2024-10-25,MILD,30,0.982104225920784,-0.016377698630094528,-0.04949911683797836,-0.007257956080138683,0.032447703182697296,0.23299114406108856,0.04194527809017101,0.0020100141164518526
2024-11-01,BULL,60,0.967501857845178,-0.011374494060873985,-0.042780227959156036,-0.004870747681707144,0.03663397952914238,0.27376437187194824,0.08742919197807208,0.0012055241052768562
2024-11-06,BULL,60,0.5462687929463822,0.011187931522727013,-0.039907269179821014,0.006686558481305838,0.06279923021793365,0.5123737454414368,0.01240922728116578,0.0008393160389850163
2024-11-08,BULL,60,0.8200467163944198,0.014127400703728199,-0.03416090086102486,0.0066266851499676704,0.0590350404381752,0.6011109352111816,0.15864912956226007,0.00041957000000003575
2024-11-11,BULL,60,0.7413446397940658,0.01638871617615223,-0.048592306673526764,0.004957064054906368,0.08345919102430344,0.5701979398727417,0.02689378518339791,0.001259238190815637
2024-11-15,BULL,60,0.9420028519732745,0.0013186295982450247,-0.05536557361483574,0.006340554915368557,0.07027913630008698,0.6858409643173218,0.0863424285529264,0.0016793365293834572
2024-11-22,BULL,60,0.5791122417596404,-0.002888249233365059,-0.04771043732762337,-0.0034175508189946413,0.056645654141902924,0.5212753415107727,-0.014480443311895796,0.002099611128611123
2024-11-29,BULL,60,0.8995601921903676,-0.016729986295104027,-0.050414107739925385,-0.011610838584601879,0.04830962419509888,0.3538435101509094,0.02340283193104864,0.002099611128611123
2024-12-06,BULL,60,0.9625414106207353,-0.017047986388206482,-0.04999706894159317,-0.011877370066940784,0.04872053489089012,0.2835772633552551,0.016877840611729367,0.0021708518291307932
2024-12-13,BULL,60,0.8556713839841035,-0.006080090068280697,-0.05322540923953056,-0.006978753954172134,0.05570926517248154,0.38134709000587463,-0.035679928616676904,0.002277722376154756
2024-12-20,BULL,60,0.6519934106973369,-0.006098687648773193,-0.04633314535021782,-0.007135249674320221,0.04594780132174492,0.45814579725265503,-0.03585086882692823,0.0018217632370527426
2024-12-27,MILD,30,0.9811574761658084,0.022815274074673653,-0.04477989673614502,0.005526290275156498,0.05657918378710747,0.7635077834129333,0.041094272125598685,0.0018217632370527426
2025-01-03,BULL,60,0.9892915569339766,-0.02545466460287571,-0.047087229788303375,-0.022244270890951157,0.03737218305468559,0.1982695609331131,-0.03512196384018684,0.002277722376154756
2025-01-10,MILD,30,0.6452420589273163,-0.004623463377356529,-0.0367138534784317,-0.002402122598141432,0.041752252727746964,0.539879322052002,0.09872008889629269,0.002277722376154756
2025-01-17,BULL,60,0.928936018546147,0.010657770559191704,-0.0417206697165966,0.004709224216639996,0.0639885663986206,0.6713639497756958,0.007619515768444884,0.002277722376154756
2025-01-24,BULL,60,0.8263815161476782,0.0001724997564451769,-0.043778687715530396,0.001144937938079238,0.052278827875852585,0.6040130853652954,-0.023275754382786396,0.002348332017581889
2025-01-31,BULL,60,0.7992387432057222,-0.006042259745299816,-0.042572177946567535,-0.0020311425905674696,0.04768065735697746,0.5921028852462769,-0.057822761320072025,0.002454255806815686
2025-02-07,MILD,30,0.5606501757708744,0.00042525032768025994,-0.055316466838121414,0.0016448706155642867,0.05370861291885376,0.5162534117698669,0.010296476517716924,0.002454255806815686
2025-02-14,MILD,30,0.7798402648504094,-0.00217544031329453,-0.04568919911980629,-0.005187918432056904,0.049974244087934494,0.4156842827796936,-0.013523010348256759,0.002454255806815686
2025-02-21,MILD,30,0.5141729062522136,0.004262642003595829,-0.03833048790693283,0.0016747235786169767,0.047392114996910095,0.49621954560279846,-0.12301722214493815,0.002454255806815686
2025-02-28,MILD,30,0.9859043336947335,0.019626963883638382,-0.04300795868039131,0.015312748029828072,0.07138121128082275,0.7831794619560242,0.11760601133800441,0.0
2025-03-02,MILD,30,0.721412834598243,0.00142556126229465,-0.04411797598004341,-0.00028180074878036976,0.0560879223048687,0.4365679621696472,-0.08538654927336375,0.0
2025-03-03,MILD,30,0.5746088739808309,-0.00192881072871387,-0.05082748457789421,0.003890263382345438,0.06352410465478897,0.47995463013648987,0.006740151803611649,0.0014718315061266196
2025-03-07,MILD,30,0.5577988891372305,-0.0069544753059744835,-0.0464012585580349,0.0010545026743784547,0.05740814283490181,0.48451775312423706,-0.03247111953388038,0.002454255806815686
2025-03-14,MILD,30,0.6444676673698048,0.014262005686759949,-0.036960143595933914,0.010827166959643364,0.06865866482257843,0.5396538972854614,0.0012572752645767515,0.0025242741984923267
2025-03-21,BEAR,15,0.8308362592768073,0.011205093003809452,-0.03602101281285286,0.009003648534417152,0.07402534037828445,0.6061043739318848,0.003990900570694622,0.0026293109559378802
2025-03-28,BEAR,15,0.8454666087717092,-0.00959162600338459,-0.04261719435453415,-0.0020912601612508297,0.049830395728349686,0.38670143485069275,-0.006331228017309787,0.0026293109559378802
2025-04-04,BEAR,15,0.9439871537279478,-0.0187323447316885,-0.04365561157464981,-0.008755488321185112,0.039183489978313446,0.31169790029525757,-0.015194325608085868,0.0015767579967480572
2025-04-09,BEAR,15,0.9902873993969498,-0.029356975108385086,-0.05184826999902725,-0.013862092979252338,0.04111820459365845,0.19169525802135468,0.009787784865791016,0.0010508959505961535
2025-04-11,BEAR,15,0.9915191060185887,-0.02769523859024048,-0.04946616664528847,-0.011381643824279308,0.04115042835474014,0.18257184326648712,0.012596519172457299,0.0021028962834912512
2025-04-18,BEAR,15,0.6119987352743823,-0.0033025084994733334,-0.04709712788462639,0.0053731659427285194,0.06446932256221771,0.530381441116333,0.12031994435256266,0.0021028962834912512
2025-04-25,MILD,30,0.7048585118850227,-0.000666900014039129,-0.04317527264356613,0.003959552384912968,0.06098464876413345,0.5580361485481262,0.023758361803017713,0.0021028962834912512
2025-05-02,MILD,30,0.5324879065660986,0.008166557177901268,-0.03700591251254082,0.006803128868341446,0.0651668906211853,0.4913243353366852,0.06280348454913631,0.002664084227936181
2025-05-09,MILD,30,0.9444103779766553,0.012581689283251762,-0.04173896834254265,0.00013693860091734678,0.07494567334651947,0.31116238236427307,0.004777124342260297,0.002716246397214128
2025-05-16,MILD,30,0.84366425356322,0.03924574702978134,-0.03330671042203903,0.01700294390320778,0.09115934371948242,0.612383246421814,0.03725357346862057,0.002716246397214128
2025-05-23,BULL,60,0.6256066973854649,0.012577618472278118,-0.03626074641942978,0.005735139362514019,0.06542731821537018,0.5342276692390442,-0.031055467706812445,0.002716246397214128
2025-05-30,BULL,60,0.8983906254148029,0.015899276360869408,-0.033367373049259186,0.011786234565079212,0.06796695291996002,0.6452979445457458,0.002913483690222929,0.002716246397214128
2025-06-06,BULL,60,0.6986803827789744,0.010371891781687737,-0.043792396783828735,0.00650021294131875,0.0664716437458992,0.5560681223869324,0.017050307780996476,0.002716246397214128
2025-06-13,BULL,60,0.7316151762547991,-0.007191383745521307,-0.040315888822078705,-0.003689307253807783,0.05026940256357193,0.4331444799900055,-0.026102470155776603,0.002181071608220453
2025-06-20,MILD,30,0.8631023637338612,0.0015918895369395614,-0.04425632953643799,0.009491189382970333,0.05699887126684189,0.6227533221244812,0.0362988669963471,0.002759591103289827
2025-06-27,BULL,60,0.6523613127237589,0.013716605491936207,-0.040043361485004425,0.004046638961881399,0.06646886467933655,0.5419623255729675,0.008749846680341067,0.002759591103289827
2025-07-04,BULL,60,0.9645365103159977,0.018749745562672615,-0.023512860760092735,0.013658709824085236,0.049418121576309204,0.7202095985412598,0.08837789662639661,0.002759591103289827
2025-07-11,BULL,60,0.9464781284333105,-0.015311059542000294,-0.040869660675525665,-0.013734403066337109,0.052190981805324554,0.30848950147628784,0.0033794597799359227,0.002759591103289827
2025-07-18,BULL,60,0.9827649777462815,-0.005702022463083267,-0.03649231791496277,-0.01643669605255127,0.04916910454630852,0.230438232421875,-0.0026332874396945982,0.002759591103289827
2025-07-25,BULL,60,0.692625353717823,0.00046666007256135345,-0.04286867380142212,-0.009900407865643501,0.052895136177539825,0.4458385407924652,-0.03669944584124163,0.002759591103289827
2025-08-01,BULL,60,0.9338054627867701,-0.012697736732661724,-0.05586680769920349,-0.007161714136600494,0.06099308282136917,0.3235553205013275,0.029804692813010902,0.002759591103289827
2025-08-08,BULL,60,0.9410333062992478,-0.015259159728884697,-0.0520198717713356,-0.011546354740858078,0.05423279479146004,0.31533294916152954,0.005719404217228163,0.002759591103289827
2025-08-15,BULL,60,0.9842324304969854,-0.030006105080246925,-0.05705266073346138,-0.02055511437356472,0.04173684120178223,0.22440621256828308,-0.0034604815579751813,0.002759591103289827
2025-08-22,BULL,60,0.9922736765754776,-0.031172845512628555,-0.05939987301826477,-0.02125135436654091,0.041430216282606125,0.17630894482135773,-0.07319038390148325,0.002759591103289827
2025-08-29,MILD,30,0.5716544201538173,-0.018179751932621002,-0.06315375864505768,-0.004475940950214863,0.05266871303319931,0.48075971007347107,0.021061494370597567,0.002759591103289827
2025-09-05,MILD,30,0.9428890709356111,-0.02722127176821232,-0.05089203268289566,-0.015411493368446827,0.03599056974053383,0.31306979060173035,0.048521873172046925,0.002759591103289827
2025-09-12,BULL,60,0.8316953437586012,-0.02062806487083435,-0.05432795360684395,-0.010821529664099216,0.057610154151916504,0.3934873044490814,-0.003421890758395496,0.002759591103289827
2025-09-19,BULL,60,0.9531415927577601,-0.029121333733201027,-0.052434004843235016,-0.017415862530469894,0.03663390502333641,0.2991577982902527,-0.05179275908703085,0.002759591103289827
2025-09-26,MILD,30,0.8771486706538024,-0.027244869619607925,-0.0610760822892189,-0.010563801042735577,0.03963298350572586,0.36895322799682617,0.11481341431581948,0.002759591103289827
2025-10-03,BULL,60,0.9777893345376797,-0.028020640835165977,-0.05140799283981323,-0.01595880277454853,0.039990346878767014,0.24768522381782532,-0.07737335558609859,0.002759591103289827
2025-10-10,MILD,30,0.7548392665586032,-0.0037710119504481554,-0.03747335076332092,-0.004503748379647732,0.03835930675268173,0.4250272810459137,-0.056243388354636936,0.002759591103289827
2025-10-17,BEAR,15,0.9865104025875527,0.028112441301345825,-0.041421420872211456,0.021168792620301247,0.06296703964471817,0.786150336265564,0.04296850336290858,0.002759591103289827
2025-10-24,MILD,30,0.8654155186988146,-0.013103860430419445,-0.048508189618587494,-0.009102475829422474,0.04170028865337372,0.37593215703964233,-0.0125839501304853,0.002759591103289827
2025-10-31,MILD,30,0.9624789031506714,-0.02910703979432583,-0.050520800054073334,-0.017640063539147377,0.03441452607512474,0.28369274735450745,-0.05719408645408297,0.002759591103289827
2025-11-07,BEAR,15,0.5133823672239032,-0.010759836994111538,-0.05267748981714249,0.0002333784505026415,0.040916070342063904,0.503569483757019,-0.08462510020410474,0.002759591103289827
2025-11-14,BEAR,15,0.9845818291414057,0.013183210976421833,-0.04991517588496208,0.014671233482658863,0.06356590986251831,0.7771113514900208,-0.10005465462925778,0.00220706432665585
2025-11-21,BEAR,15,0.9955434907509447,0.04205084219574928,-0.053460586816072464,0.024931270629167557,0.09274163097143173,0.8605948686599731,0.06767659550874483,0.002759591103289827
2025-11-28,BEAR,15,0.9694800023689201,0.008802172727882862,-0.04255162551999092,0.00981120765209198,0.05578416585922241,0.7305585145950317,-0.017170733639415348,0.002759591103289827
2025-12-05,BEAR,15,0.7985764376591112,0.0022507840767502785,-0.04283478483557701,0.008490034379065037,0.048172228038311005,0.5918280482292175,0.01050464099198889,0.002759591103289827
2025-12-12,BEAR,15,0.5183213393085881,-0.002225200179964304,-0.039884380996227264,-0.0008692204719409347,0.04509872570633888,0.5048878788948059,-0.023612687582213132,0.002759591103289827
2025-12-19,BEAR,15,0.9348139387506911,0.012259195558726788,-0.040489278733730316,0.011194529943168163,0.05678322911262512,0.677540123462677,-0.008706678493716757,0.00220706432665585
2025-12-26,BEAR,15,0.519228433049225,0.0011417648056522012,-0.04373113065958023,0.005351264961063862,0.05369981378316879,0.5051301121711731,0.030051313066015384,0.00220706432665585
2026-01-02,BEAR,15,0.5249742585839581,0.0037339492700994015,-0.03796656057238579,0.006079936865717173,0.05514424294233322,0.5066653490066528,0.007179832953183141,0.002759591103289827
2026-01-09,BEAR,15,0.5520474681433719,0.00683204922825098,-0.04778101295232773,0.002802328672260046,0.05299823358654976,0.4860702157020569,0.054165828196600874,0.002759591103289827
2026-01-16,BEAR,15,0.8574397181742461,0.018263062462210655,-0.03380458801984787,0.005223783664405346,0.060615383088588715,0.6196123957633972,-0.062277566290818376,0.002759591103289827
2026-01-23,BEAR,15,0.9414182503673981,0.016417603939771652,-0.034800369292497635,0.007655784487724304,0.04296470433473587,0.6851309537887573,-0.059595474388132286,0.002759591103289827
2026-01-30,BEAR,15,0.7321950743662965,-0.00783346313983202,-0.06177007034420967,0.004799394402652979,0.0485667809844017,0.5670525431632996,-0.2533883911664886,0.00220706432665585
2026-02-05,BEAR,15,0.9965132393207881,0.0401473268866539,-0.06372245401144028,0.03622589632868767,0.09225185960531235,0.8770192861557007,0.12192683309102881,0.0005513100000000826
2026-02-06,BEAR,15,0.9928764894235225,0.019373660907149315,-0.05824003368616104,0.02271980419754982,0.0676129013299942,0.8291470408439636,-0.024458680089871954,0.002759591103289827
2026-02-13,BEAR,15,0.9867707885317987,0.02832900919020176,-0.0367109477519989,0.02022005058825016,0.06731610000133514,0.787467360496521,-0.012111866913682379,0.001654841995715195
2026-02-20,BEAR,15,0.970628241142708,0.017742488533258438,-0.03679952025413513,0.016507577151060104,0.053222186863422394,0.7331939935684204,-0.03157761958576588,0.002759591103289827
2026-02-27,BEAR,15,0.990792509296972,0.03165804222226143,-0.03598420321941376,0.027172241359949112,0.06086156517267227,0.8118991851806641,0.03403443946678486,0.002759591103289827
2026-03-06,BEAR,15,0.7880103045179893,0.0035201169084757566,-0.03747076541185379,0.002357178833335638,0.04889519885182381,0.587531566619873,0.04134214953103621,0.002759591103289827
2026-03-13,BEAR,15,0.969884695895224,0.022007208317518234,-0.034489672631025314,0.017417747527360916,0.06319956481456757,0.7314762473106384,-0.005911039052587164,0.0027422529960232644
2026-03-20,BEAR,15,0.951987574345414,0.012643372640013695,-0.034810516983270645,0.013301210477948189,0.05050457641482353,0.6991394758224487,-0.05819610717404289,0.002716246397214128
2026-03-27,BEAR,15,0.9907051876838142,0.01941288448870182,-0.035400111228227615,0.017738590016961098,0.05981266498565674,0.8112640380859375,0.008387935780534983,0.002172407518550079
2026-04-03,BEAR,15,0.9978400626360854,0.03856458514928818,-0.024429690092802048,0.02668171562254429,0.07341057062149048,0.909034252166748,0.08957608755710122,0.002716246397214128
2026-04-10,BEAR,15,0.996094778340346,0.03047475777566433,-0.021819164976477623,0.019223932176828384,0.059514570981264114,0.86943519115448,0.05632055831267224,0.002716246397214128
2026-04-17,BEAR,15,0.9715580068588847,0.016214165836572647,-0.026455223560333252,0.012892136350274086,0.04864714667201042,0.7354022860527039,0.0,0.0
