date,dow,price_usd,daily_ret,regime,model_cutoff,prediction_3d,p_up,conf,allocation,K_used,is_emergency,to_date,btc_ret_period,cdi_ret_period,strat_ret_period,cum_strat,cum_btc
2022-01-07,Fri,41566.48,-0.03518,BEAR,2022-01-01,0.044093,0.6001,0.6225,0.4117,15,False,2022-01-14,0.03593,0.001739,0.01582,0.01582,0.03593
2022-01-14,Fri,43059.96,0.01174,BEAR,2022-01-01,-0.022345,0.3495,0.6797,0.0,15,False,2022-01-21,-0.15361,0.001739,0.00174,0.01758,-0.1232
2022-01-21,Fri,36445.31,-0.10412,BEAR,2022-01-01,0.077911,0.7088,0.7396,0.8644,15,True,2022-01-28,0.03488,0.001739,0.03039,0.0485,-0.09262
2022-01-28,Fri,37716.56,0.01497,BEAR,2022-01-01,0.042342,0.7981,0.8162,0.5184,15,False,2022-02-04,0.10228,0.001847,0.05391,0.10503,0.00019
2022-02-04,Fri,41574.25,0.11424,BEAR,2022-01-01,-0.012729,0.3055,0.7257,0.0,15,True,2022-02-11,0.01923,0.00201,0.00201,0.10725,0.01942
2022-02-11,Fri,42373.73,-0.02579,BEAR,2022-01-01,0.001573,0.181,0.8313,0.0196,15,False,2022-02-18,-0.05662,0.00201,0.00086,0.1082,-0.0383
2022-02-18,Fri,39974.44,-0.01336,BEAR,2022-01-01,-0.006623,0.1742,0.836,0.0,15,False,2022-02-25,-0.01889,0.00201,0.00201,0.11043,-0.05647
2022-02-25,Fri,39219.17,0.02327,BEAR,2022-01-01,0.04621,0.5816,0.6007,0.4163,15,False,2022-02-28,0.10048,0.0,0.04184,0.15688,0.03834
2022-02-28,Mon,43160.0,0.14486,BEAR,2022-01-01,0.003221,0.3011,0.73,0.0353,15,True,2022-03-04,-0.09294,0.001206,-0.00212,0.15444,-0.05817
2022-03-04,Fri,39148.66,-0.07786,BEAR,2022-01-01,0.006871,0.3223,0.7086,0.073,15,False,2022-03-09,0.07134,0.001206,0.00633,0.16174,0.00903
2022-03-09,Wed,41941.71,0.08291,BEAR,2022-01-01,0.006733,0.3208,0.7101,0.0717,15,True,2022-03-11,-0.07659,0.000804,-0.00475,0.15623,-0.06825
2022-03-11,Fri,38729.57,-0.01756,BEAR,2022-01-01,0.033152,0.4269,0.5904,0.2936,15,False,2022-03-18,0.07818,0.002082,0.02442,0.18447,0.0046
2022-03-18,Fri,41757.51,0.02052,BEAR,2022-01-01,-0.00617,0.2607,0.7679,0.0,15,False,2022-03-25,0.0612,0.002189,0.00219,0.18706,0.06608
2022-03-25,Fri,44313.16,0.00731,BEAR,2022-01-01,0.005341,0.5643,0.5796,0.0464,15,False,2022-04-01,0.04446,0.002189,0.00415,0.19199,0.11348
2022-04-01,Fri,46283.49,0.01699,BEAR,2022-01-01,0.014549,0.3787,0.6472,0.1412,15,False,2022-04-08,-0.0871,0.002189,-0.01042,0.17956,0.01649
2022-04-08,Fri,42252.01,-0.02744,BEAR,2022-01-01,0.001563,0.3882,0.6363,0.0149,15,False,2022-04-15,-0.04024,0.001751,0.00112,0.18089,-0.02441
2022-04-15,Fri,40551.9,0.01526,BEAR,2022-01-01,-0.012862,0.5002,0.5003,0.0,15,False,2022-04-22,-0.02078,0.001751,0.00175,0.18296,-0.04468
2022-04-22,Fri,39709.18,-0.01904,BEAR,2022-01-01,-0.061019,0.305,0.7261,0.0,15,False,2022-04-29,-0.02803,0.002189,0.00219,0.18555,-0.07146
2022-04-29,Fri,38596.11,-0.02883,BEAR,2022-01-01,-0.049899,0.465,0.5436,0.0,15,False,2022-05-06,-0.06691,0.00226,0.00226,0.18823,-0.13359
2022-05-06,Fri,36013.77,-0.01475,BEAR,2022-01-01,-0.057366,0.347,0.6825,0.0,15,False,2022-05-09,-0.16487,0.000473,0.00047,0.18879,-0.27643
2022-05-09,Mon,30076.31,-0.1164,BEAR,2022-01-01,-0.013409,0.4891,0.5136,0.0,15,True,2022-05-13,-0.02624,0.001893,0.00189,0.19104,-0.29542
2022-05-13,Fri,29287.05,0.00886,BEAR,2022-01-01,-0.007125,0.6553,0.6849,0.0,15,False,2022-05-20,-0.00294,0.002366,0.00237,0.19386,-0.29749
2022-05-20,Fri,29201.01,-0.03688,BEAR,2022-01-01,-0.04372,0.5423,0.5526,0.0,15,False,2022-05-27,-0.01956,0.002366,0.00237,0.19668,-0.31123
2022-05-27,Fri,28629.8,-0.01957,BEAR,2022-01-01,-0.026291,0.5127,0.5159,0.0,15,False,2022-06-03,0.03739,0.002366,0.00237,0.19951,-0.28548
2022-06-03,Fri,29700.21,-0.02471,BEAR,2022-01-01,-0.068321,0.5774,0.5956,0.0,15,False,2022-06-10,-0.02048,0.002366,0.00237,0.20235,-0.30011
2022-06-10,Fri,29091.88,-0.03381,BEAR,2022-01-01,-0.05845,0.458,0.5523,0.0,15,False,2022-06-13,-0.22702,0.000473,0.00047,0.20292,-0.459
2022-06-13,Mon,22487.41,-0.1538,BEAR,2022-01-01,-0.011498,0.6248,0.6511,0.0,15,True,2022-06-16,-0.09277,0.000946,0.00095,0.20406,-0.50919
2022-06-16,Thu,20401.31,-0.09664,BEAR,2022-01-01,-0.007818,0.7439,0.772,0.0,15,True,2022-06-17,0.00331,0.00049,0.00049,0.20465,-0.50756
2022-06-17,Fri,20468.81,0.00331,BEAR,2022-01-01,-0.03391,0.7479,0.7755,0.0,15,False,2022-06-19,0.00514,0.0,0.0,0.20465,-0.50503
2022-06-19,Sun,20574.0,0.08451,BEAR,2022-01-01,-0.035683,0.7243,0.7542,0.0,15,True,2022-06-24,0.03226,0.002454,0.00245,0.2076,-0.48907
2022-06-24,Fri,21237.69,0.00604,BEAR,2022-01-01,-0.064394,0.3819,0.6435,0.0,15,False,2022-07-01,-0.09219,0.002454,0.00245,0.21057,-0.53617
2022-07-01,Fri,19279.8,-0.03322,BEAR,2022-07-01,0.014737,0.6421,0.6705,0.1482,15,False,2022-07-08,0.12007,0.002454,0.01989,0.23464,-0.48048
2022-07-08,Fri,21594.75,-0.0014,BEAR,2022-07-01,-0.038338,0.2749,0.755,0.0,15,False,2022-07-15,-0.03541,0.002454,0.00245,0.23767,-0.49887
2022-07-15,Fri,20830.04,0.01172,BEAR,2022-07-01,-0.058176,0.3401,0.6899,0.0,15,False,2022-07-22,0.08904,0.002454,0.00245,0.24071,-0.45425
2022-07-22,Fri,22684.83,-0.02019,BEAR,2022-07-01,-0.067403,0.2828,0.7476,0.0,15,False,2022-07-29,0.048,0.002454,0.00245,0.24376,-0.42805
2022-07-29,Fri,23773.75,-0.0029,BEAR,2022-07-01,-0.078045,0.1859,0.8278,0.0,15,False,2022-08-05,-0.01941,0.002489,0.00249,0.24685,-0.43915
2022-08-05,Fri,23312.42,0.03048,BEAR,2022-07-01,-0.065233,0.2321,0.7924,0.0,15,False,2022-08-12,0.04681,0.002542,0.00254,0.25002,-0.4129
2022-08-12,Fri,24403.68,0.01961,BEAR,2022-07-01,-0.047628,0.283,0.7475,0.0,15,False,2022-08-19,-0.14626,0.002542,0.00254,0.2532,-0.49877
2022-08-19,Fri,20834.39,-0.10163,BEAR,2022-07-01,-0.06168,0.3557,0.673,0.0,15,True,2022-08-26,-0.02848,0.002542,0.00254,0.25639,-0.51304
2022-08-26,Fri,20241.05,-0.06113,BEAR,2022-07-01,-0.051117,0.592,0.613,0.0,15,False,2022-09-02,-0.01429,0.002542,0.00254,0.25958,-0.52
2022-09-02,Fri,19951.86,-0.00892,BEAR,2022-07-01,-0.038823,0.4207,0.5978,0.0,15,False,2022-09-09,0.07058,0.002033,0.00203,0.26214,-0.48612
2022-09-09,Fri,21360.11,0.10561,BEAR,2022-07-01,-0.066145,0.1495,0.8523,0.0,15,True,2022-09-13,-0.05555,0.001016,0.00102,0.26342,-0.51467
2022-09-13,Tue,20173.57,-0.09922,BEAR,2022-07-01,-0.049522,0.2421,0.7841,0.0,15,True,2022-09-16,-0.01835,0.001524,0.00152,0.26535,-0.52358
2022-09-16,Fri,19803.3,0.00515,BEAR,2022-07-01,-0.065393,0.3803,0.6453,0.0,15,False,2022-09-23,-0.02592,0.002542,0.00254,0.26856,-0.53593
2022-09-23,Fri,19289.91,-0.00576,BEAR,2022-07-01,-0.043315,0.402,0.6201,0.0,15,False,2022-09-30,0.00688,0.002542,0.00254,0.27179,-0.53273
2022-09-30,Fri,19422.61,-0.00862,BEAR,2022-07-01,-0.073333,0.2184,0.8035,0.0,15,False,2022-10-07,0.00553,0.002542,0.00254,0.27502,-0.53015
2022-10-07,Fri,19530.09,-0.02157,BEAR,2022-07-01,-0.059988,0.5072,0.509,0.0,15,False,2022-10-14,-0.01808,0.002033,0.00203,0.27761,-0.53864
2022-10-14,Fri,19176.93,-0.01023,BEAR,2022-07-01,-0.05388,0.5658,0.5815,0.0,15,False,2022-10-21,-0.00065,0.002542,0.00254,0.28086,-0.53895
2022-10-21,Fri,19164.37,0.00643,BEAR,2022-07-01,0.002887,0.7075,0.7384,0.032,15,False,2022-10-28,0.07449,0.002542,0.00484,0.28707,-0.5046
2022-10-28,Fri,20591.84,0.01462,BEAR,2022-07-01,-0.002886,0.5382,0.5476,0.0,15,False,2022-11-04,0.02703,0.002033,0.00203,0.28968,-0.49121
2022-11-04,Fri,21148.52,0.04655,BEAR,2022-07-01,-0.018861,0.4445,0.5689,0.0,15,False,2022-11-08,-0.123,0.001016,0.00102,0.29099,-0.55379
2022-11-08,Tue,18547.23,-0.09926,BEAR,2022-07-01,0.004939,0.6433,0.6718,0.0498,15,True,2022-11-09,-0.1415,0.000508,-0.00656,0.28252,-0.61693
2022-11-09,Wed,15922.81,-0.1415,BEAR,2022-07-01,0.007106,0.5937,0.615,0.0656,15,True,2022-11-10,0.1054,0.000508,0.00738,0.29199,-0.57655
2022-11-10,Thu,17601.15,0.1054,BEAR,2022-07-01,-0.039598,0.472,0.535,0.0,15,True,2022-11-11,-0.03016,0.000508,0.00051,0.29265,-0.58933
2022-11-11,Fri,17070.31,-0.03016,BEAR,2022-07-01,-0.038207,0.4805,0.5244,0.0,15,False,2022-11-18,-0.02167,0.002033,0.00203,0.29528,-0.59822
2022-11-18,Fri,16700.45,0.00047,BEAR,2022-07-01,-0.011693,0.5406,0.5506,0.0,15,False,2022-11-25,-0.01068,0.002542,0.00254,0.29857,-0.60251
2022-11-25,Fri,16522.14,-0.00463,BEAR,2022-07-01,-0.026684,0.2292,0.7948,0.0,15,False,2022-12-02,0.03454,0.002542,0.00254,0.30187,-0.58879
2022-12-02,Fri,17092.74,0.0068,BEAR,2022-07-01,-0.027892,0.2217,0.8009,0.0,15,False,2022-12-09,0.0021,0.002542,0.00254,0.30518,-0.58792
2022-12-09,Fri,17128.56,-0.00555,BEAR,2022-07-01,-0.033983,0.2865,0.7441,0.0,15,False,2022-12-16,-0.02898,0.002542,0.00254,0.3085,-0.59987
2022-12-16,Fri,16632.12,-0.04173,BEAR,2022-07-01,-0.075802,0.1347,0.8613,0.0,15,False,2022-12-23,0.0088,0.002542,0.00254,0.31183,-0.59635
2022-12-23,Fri,16778.5,-0.00255,BEAR,2022-07-01,-0.071208,0.1362,0.8605,0.0,15,False,2022-12-30,-0.01019,0.002542,0.00254,0.31516,-0.60046
2022-12-30,Fri,16607.48,-0.00156,BEAR,2022-07-01,-0.069389,0.1535,0.8497,0.0,15,False,2023-01-06,0.02066,0.002542,0.00254,0.3185,-0.5922
2023-01-06,Fri,16950.65,0.00706,BEAR,2023-01-01,-0.004762,0.459,0.5511,0.0,15,False,2023-01-13,0.17577,0.002542,0.00254,0.32185,-0.52053
2023-01-13,Fri,19930.01,0.05748,MILD,2023-01-01,-0.007141,0.4927,0.5091,0.0,30,False,2023-01-20,0.13734,0.002542,0.00254,0.32522,-0.45468
2023-01-20,Fri,22667.21,0.07572,MILD,2023-01-01,-0.040272,0.4583,0.5519,0.0,30,False,2023-01-27,0.01795,0.002542,0.00254,0.32858,-0.44489
2023-01-27,Fri,23074.16,0.0028,MILD,2023-01-01,-0.001074,0.6575,0.6873,0.0,30,False,2023-02-03,0.0155,0.002542,0.00254,0.33196,-0.43628
2023-02-03,Fri,23431.9,-0.00243,MILD,2023-01-01,0.007048,0.6633,0.6934,0.1466,30,False,2023-02-10,-0.0771,0.002542,-0.00914,0.31979,-0.47974
2023-02-10,Fri,21625.19,-0.00785,BULL,2023-01-01,0.01342,0.7642,0.7894,0.6356,60,False,2023-02-15,0.1248,0.001524,0.07988,0.42522,-0.41482
2023-02-15,Wed,24324.05,0.09569,BULL,2023-01-01,-0.021909,0.3822,0.6432,0.0,60,True,2023-02-17,0.01011,0.001016,0.00102,0.42667,-0.4089
2023-02-17,Fri,24569.97,0.04474,BULL,2023-01-01,-0.028896,0.4919,0.5101,0.0,60,False,2023-02-24,-0.05636,0.001524,0.00152,0.42884,-0.44221
2023-02-24,Fri,23185.29,-0.03153,BULL,2023-01-01,-0.013185,0.5046,0.5058,0.0,60,False,2023-03-03,-0.03584,0.002542,0.00254,0.43247,-0.4622
2023-03-03,Fri,22354.34,-0.04735,MILD,2023-01-01,0.003146,0.5097,0.5122,0.0483,30,False,2023-03-10,-0.09858,0.002542,-0.00235,0.42911,-0.51522
2023-03-10,Fri,20150.69,-0.01039,MILD,2023-01-01,0.014669,0.6429,0.6714,0.2955,30,False,2023-03-13,0.19666,0.000508,0.05846,0.51266,-0.41988
2023-03-13,Mon,24113.48,0.09621,BULL,2023-01-01,-0.029581,0.1786,0.833,0.0,60,True,2023-03-17,0.13609,0.002033,0.00203,0.51573,-0.34093
2023-03-17,Fri,27395.13,0.09586,BULL,2023-01-01,-0.036335,0.3691,0.6581,0.0,60,True,2023-03-24,0.00217,0.002542,0.00254,0.51959,-0.3395
2023-03-24,Fri,27454.47,-0.02972,BULL,2023-01-01,-0.01617,0.5343,0.5428,0.0,60,False,2023-03-31,0.03682,0.002542,0.00254,0.52345,-0.31518
2023-03-31,Fri,28465.36,0.01559,BULL,2023-01-01,-0.019356,0.3648,0.6628,0.0,60,False,2023-04-07,-0.01964,0.002033,0.00203,0.52655,-0.32863
2023-04-07,Fri,27906.33,-0.00455,BULL,2023-01-01,-0.006405,0.6048,0.6281,0.0,60,False,2023-04-14,0.09176,0.002542,0.00254,0.53043,-0.26703
2023-04-14,Fri,30466.93,0.00306,BULL,2023-01-01,-0.027187,0.5621,0.577,0.0,60,False,2023-04-21,-0.10517,0.002033,0.00203,0.53354,-0.34411
2023-04-21,Fri,27262.84,-0.03473,BULL,2023-01-01,-0.014708,0.5342,0.5427,0.0,60,False,2023-04-28,0.07515,0.002542,0.00254,0.53744,-0.29482
2023-04-28,Fri,29311.7,-0.00547,BULL,2023-01-01,-0.025056,0.3614,0.6667,0.0,60,False,2023-05-05,0.00662,0.002033,0.00203,0.54056,-0.29016
2023-05-05,Fri,29505.61,0.02314,BULL,2023-01-01,-0.010639,0.3966,0.6264,0.0,60,False,2023-05-12,-0.09187,0.002542,0.00254,0.54448,-0.35537
2023-05-12,Fri,26795.01,-0.00644,MILD,2023-01-01,-0.011063,0.4544,0.5567,0.0,30,False,2023-05-19,0.00318,0.002542,0.00254,0.54841,-0.35332
2023-05-19,Fri,26880.26,0.0022,MILD,2023-01-01,-0.039325,0.2183,0.8035,0.0,30,False,2023-05-26,-0.00649,0.002542,0.00254,0.55234,-0.35751
2023-05-26,Fri,26705.92,0.00877,MILD,2023-01-01,-0.018945,0.5195,0.5244,0.0,30,False,2023-06-02,0.0201,0.002542,0.00254,0.55629,-0.3446
2023-06-02,Fri,27242.59,0.01583,MILD,2023-01-01,-0.020026,0.3907,0.6334,0.0,30,False,2023-06-09,-0.02807,0.002033,0.00203,0.55945,-0.363
2023-06-09,Fri,26477.81,-0.00078,MILD,2023-01-01,-0.013271,0.4061,0.6153,0.0,30,False,2023-06-16,-0.00502,0.002542,0.00254,0.56342,-0.3662
2023-06-16,Fri,26345.0,0.02916,MILD,2023-01-01,-0.014962,0.348,0.6813,0.0,30,False,2023-06-23,0.16487,0.002542,0.00254,0.56739,-0.2617
2023-06-23,Fri,30688.5,0.02689,BULL,2023-01-01,-0.029647,0.3805,0.6451,0.0,60,False,2023-06-30,-0.00705,0.002542,0.00254,0.57137,-0.26691
2023-06-30,Fri,30472.0,0.00081,BULL,2023-01-01,-0.004833,0.5915,0.6124,0.0,60,False,2023-07-07,-0.00418,0.002542,0.00254,0.57537,-0.26997
2023-07-07,Fri,30344.7,0.01503,BULL,2023-07-01,0.011485,0.7058,0.7367,0.5077,60,False,2023-07-14,-0.00108,0.002542,0.0007,0.57648,-0.27076
2023-07-14,Fri,30312.01,-0.03631,BULL,2023-07-01,0.012251,0.6612,0.6913,0.5081,60,False,2023-07-21,-0.01354,0.002542,-0.00563,0.56761,-0.28063
2023-07-21,Fri,29901.72,0.00341,BULL,2023-07-01,0.002577,0.601,0.6237,0.0964,60,False,2023-07-28,-0.01965,0.002542,0.0004,0.56824,-0.29476
2023-07-28,Fri,29314.14,0.00313,BULL,2023-07-01,0.002745,0.5108,0.5135,0.0846,60,False,2023-08-04,-0.00683,0.002507,0.00172,0.57093,-0.29958
2023-08-04,Fri,29113.99,-0.00273,MILD,2023-07-01,0.025486,0.7013,0.7324,0.56,30,False,2023-08-11,0.01072,0.002454,0.00708,0.58206,-0.29207
2023-08-11,Fri,29426.03,-0.00101,MILD,2023-07-01,-0.001569,0.6285,0.6553,0.0,30,False,2023-08-18,-0.11459,0.002454,0.00245,0.58594,-0.3732
2023-08-18,Fri,26054.0,-0.02139,BEAR,2023-07-01,0.049606,0.8153,0.8287,0.6166,15,False,2023-08-25,0.00023,0.002454,0.00108,0.58766,-0.37305
2023-08-25,Fri,26060.01,-0.00459,BEAR,2023-07-01,0.030545,0.7903,0.8102,0.3712,15,False,2023-09-01,-0.00978,0.002454,-0.00209,0.58434,-0.37919
2023-09-01,Fri,25805.05,-0.00523,BEAR,2023-07-01,0.019991,0.7052,0.7361,0.2207,15,False,2023-09-08,0.00409,0.001963,0.00243,0.58819,-0.37665
2023-09-08,Fri,25910.5,-0.01312,BEAR,2023-07-01,0.007521,0.7141,0.7447,0.084,15,False,2023-09-15,0.02661,0.002454,0.00448,0.59531,-0.36006
2023-09-15,Fri,26600.0,0.00291,BEAR,2023-07-01,-0.00014,0.6632,0.6934,0.0,15,False,2023-09-22,-0.00075,0.002419,0.00242,0.59917,-0.36054
2023-09-22,Fri,26580.14,0.00045,BEAR,2023-07-01,0.003997,0.5754,0.5932,0.0356,15,False,2023-09-29,0.0123,0.002366,0.00272,0.60352,-0.35268
2023-09-29,Fri,26906.96,-0.00423,BEAR,2023-07-01,0.005728,0.5584,0.5725,0.0492,15,False,2023-10-06,0.03806,0.002366,0.00412,0.61013,-0.32804
2023-10-06,Fri,27931.09,0.019,BEAR,2023-07-01,0.031137,0.6123,0.6368,0.2974,15,False,2023-10-13,-0.03828,0.001893,-0.01006,0.59394,-0.35376
2023-10-13,Fri,26862.0,0.00383,BEAR,2023-07-01,0.023578,0.6156,0.6406,0.2266,15,False,2023-10-20,0.1045,0.002366,0.02551,0.6346,-0.28623
2023-10-20,Fri,29669.04,0.03327,MILD,2023-07-01,0.015501,0.6704,0.701,0.326,30,False,2023-10-23,0.11463,0.000473,0.03768,0.69619,-0.20441
2023-10-23,Mon,33069.99,0.10261,MILD,2023-07-01,0.023694,0.667,0.6974,0.4957,30,True,2023-10-27,0.02486,0.001893,0.01328,0.71871,-0.18463
2023-10-27,Fri,33892.02,-0.0076,MILD,2023-07-01,0.023544,0.6678,0.6982,0.4932,30,False,2023-11-03,0.02433,0.001875,0.01295,0.74097,-0.16479
2023-11-03,Fri,34716.78,-0.00643,BULL,2023-07-01,0.01823,0.8042,0.8207,0.8976,60,False,2023-11-10,0.07446,0.002278,0.06707,0.85774,-0.1026
2023-11-10,Fri,37301.63,0.01636,BULL,2023-07-01,-0.011626,0.3644,0.6633,0.0,60,False,2023-11-17,-0.01844,0.001822,0.00182,0.86112,-0.11915
2023-11-17,Fri,36613.92,0.01245,BULL,2023-07-01,0.013717,0.6055,0.6289,0.5176,60,False,2023-11-24,0.03003,0.002278,0.01665,0.8921,-0.09269
2023-11-24,Fri,37713.57,0.01124,BULL,2023-07-01,0.006484,0.5991,0.6213,0.2417,60,False,2023-12-01,0.02569,0.002278,0.00794,0.90712,-0.06938
2023-12-01,Fri,38682.52,0.02541,BULL,2023-07-01,0.015596,0.4812,0.5235,0.4899,60,False,2023-12-08,0.14189,0.002278,0.07067,1.04189,0.06266
2023-12-08,Fri,44170.99,0.02075,BULL,2023-07-01,-0.00421,0.6378,0.6657,0.0,60,False,2023-12-15,-0.0505,0.002242,0.00224,1.04647,0.00899
2023-12-15,Fri,41940.3,-0.02515,BULL,2023-07-01,0.022927,0.79,0.81,1.0,60,False,2023-12-22,0.04837,0.002189,0.04837,1.14546,0.0578
2023-12-22,Fri,43969.04,0.00244,BULL,2023-07-01,-0.002242,0.4948,0.5065,0.0,60,False,2023-12-29,-0.04326,0.001751,0.00175,1.14922,0.01204
2023-12-29,Fri,42066.95,-0.01167,BULL,2023-07-01,0.003795,0.678,0.7089,0.1614,60,False,2024-01-05,0.0494,0.001751,0.00944,1.16951,0.06204
2024-01-05,Fri,44145.11,-0.00014,BULL,2024-01-01,-0.012763,0.4139,0.606,0.0,60,False,2024-01-12,-0.03086,0.002189,0.00219,1.17426,0.02926
2024-01-12,Fri,42782.73,-0.07675,BULL,2024-01-01,0.003615,0.4926,0.5092,0.1105,60,False,2024-01-19,-0.02627,0.002189,-0.00095,1.17219,0.00223
2024-01-19,Fri,41659.03,0.00802,MILD,2024-01-01,0.016338,0.6888,0.7199,0.3528,30,False,2024-01-26,0.00395,0.002189,0.00281,1.17829,0.00618
2024-01-26,Fri,41823.51,0.04661,MILD,2024-01-01,0.009353,0.4323,0.5838,0.1638,30,False,2024-02-02,0.03291,0.002153,0.00719,1.19395,0.0393
2024-02-02,Fri,43200.0,0.00272,BULL,2024-01-01,0.022192,0.7656,0.7905,1.0,60,False,2024-02-09,0.09104,0.0021,0.09104,1.39368,0.13391
2024-02-09,Fri,47132.77,0.04072,BULL,2024-01-01,0.016672,0.6708,0.7014,0.7016,60,False,2024-02-16,0.1059,0.001259,0.07468,1.57244,0.25399
2024-02-16,Fri,52124.11,0.00471,BULL,2024-01-01,-0.000904,0.678,0.7089,0.0,60,False,2024-02-23,-0.02647,0.0021,0.0021,1.57784,0.22079
2024-02-23,Fri,50744.15,-0.01061,BULL,2024-01-01,0.031272,0.7215,0.7517,1.0,60,False,2024-02-28,0.23033,0.001259,0.23033,2.17159,0.50198
2024-02-28,Wed,62432.1,0.09458,BULL,2024-01-01,-0.002114,0.517,0.5213,0.0,60,True,2024-03-01,-0.00071,0.000839,0.00084,2.17426,0.50092
2024-03-01,Fri,62387.9,0.02056,BULL,2024-01-01,-0.037996,0.2613,0.7673,0.0,60,False,2024-03-04,0.09389,0.00042,0.00042,2.17559,0.64184
2024-03-04,Mon,68245.71,0.08131,BULL,2024-01-01,-0.04798,0.2013,0.8166,0.0,60,True,2024-03-08,-0.00178,0.001679,0.00168,2.18092,0.63892
2024-03-08,Fri,68124.19,0.01947,BULL,2024-01-01,-0.045385,0.1773,0.8339,0.0,60,False,2024-03-15,0.02019,0.0021,0.0021,2.1876,0.67202
2024-03-15,Fri,69499.85,-0.02646,BULL,2024-01-01,-0.034595,0.239,0.7867,0.0,60,False,2024-03-19,-0.10881,0.000839,0.00084,2.19027,0.49008
2024-03-19,Tue,61937.4,-0.0839,BULL,2024-01-01,0.007703,0.5416,0.5518,0.255,60,True,2024-03-20,0.09531,0.00042,0.02462,2.26881,0.6321
2024-03-20,Wed,67840.51,0.09531,BULL,2024-01-01,-0.017975,0.4412,0.573,0.0,60,True,2024-03-22,-0.05961,0.000804,0.0008,2.27144,0.53481
2024-03-22,Fri,63796.64,-0.02602,BULL,2024-01-01,-0.000346,0.4263,0.5911,0.0,60,False,2024-03-29,0.09489,0.001608,0.00161,2.2767,0.68045
2024-03-29,Fri,69850.54,-0.01314,BULL,2024-01-01,-0.008509,0.627,0.6536,0.0,60,False,2024-04-05,-0.02906,0.00201,0.00201,2.28328,0.63162
2024-04-05,Fri,67820.62,-0.00974,BULL,2024-01-01,-0.025326,0.3692,0.658,0.0,60,False,2024-04-12,-0.01038,0.00201,0.00201,2.28988,0.61468
2024-04-12,Fri,67116.52,-0.04128,BULL,2024-01-01,-0.020346,0.3532,0.6757,0.0,60,False,2024-04-19,-0.04915,0.00201,0.00201,2.2965,0.53532
2024-04-19,Fri,63818.01,0.00548,MILD,2024-01-01,0.001999,0.2831,0.7473,0.0448,30,False,2024-04-26,-0.00075,0.00201,0.00189,2.30271,0.53417
2024-04-26,Fri,63770.01,-0.01129,MILD,2024-01-01,0.010699,0.5264,0.5329,0.171,30,False,2024-05-03,-0.01393,0.001608,-0.00105,2.29925,0.51281
2024-05-03,Fri,62882.01,0.0647,MILD,2024-01-01,0.003398,0.5657,0.5814,0.0593,30,False,2024-05-10,-0.03311,0.001992,-9e-05,2.29896,0.46272
2024-05-10,Fri,60799.99,-0.03605,MILD,2024-01-01,-0.008982,0.2504,0.777,0.0,30,False,2024-05-17,0.10237,0.001965,0.00197,2.30544,0.61245
2024-05-17,Fri,67024.0,0.02742,BULL,2024-01-01,-0.008166,0.507,0.5088,0.0,60,False,2024-05-24,0.02277,0.001965,0.00197,2.31194,0.64917
2024-05-24,Fri,68549.99,0.00854,BULL,2024-01-01,-0.014787,0.4903,0.5122,0.0,60,False,2024-05-31,-0.01473,0.001572,0.00157,2.31714,0.62487
2024-05-31,Fri,67540.01,-0.01188,BULL,2024-01-01,-0.001691,0.575,0.5926,0.0,60,False,2024-06-07,0.02688,0.001965,0.00197,2.32366,0.66855
2024-06-07,Fri,69355.6,-0.02039,BULL,2024-01-01,-0.013132,0.5076,0.5095,0.0,60,False,2024-06-14,-0.04775,0.001965,0.00197,2.33019,0.58888
2024-06-14,Fri,66043.99,-0.01092,BULL,2024-01-01,-0.012381,0.5129,0.5161,0.0,60,False,2024-06-21,-0.02878,0.001965,0.00197,2.33673,0.54316
2024-06-21,Fri,64143.56,-0.0112,MILD,2024-01-01,-0.006782,0.4587,0.5514,0.0,30,False,2024-06-28,-0.05793,0.001965,0.00197,2.34329,0.45376
2024-06-28,Fri,60427.84,-0.02072,MILD,2024-01-01,-0.004789,0.3126,0.7185,0.0,30,False,2024-07-05,-0.06287,0.001965,0.00197,2.34986,0.36237
2024-07-05,Fri,56628.79,-0.00738,BEAR,2024-07-01,0.006435,0.7347,0.7637,0.0737,15,False,2024-07-12,0.02226,0.001965,0.00346,2.36145,0.39269
2024-07-12,Fri,57889.1,0.00958,BEAR,2024-07-01,0.018593,0.6129,0.6375,0.1778,15,False,2024-07-19,0.15151,0.001965,0.02855,2.45743,0.6037
2024-07-19,Fri,66660.0,0.04176,BULL,2024-07-01,-0.002989,0.3359,0.6943,0.0,60,False,2024-07-26,0.01872,0.001965,0.00197,2.46423,0.63372
2024-07-26,Fri,67907.99,0.03204,BULL,2024-07-01,-0.005303,0.3542,0.6745,0.0,60,False,2024-08-02,-0.09439,0.001965,0.00197,2.47104,0.47952
2024-08-02,Fri,61498.33,-0.059,MILD,2024-07-01,-0.001258,0.3783,0.6476,0.0,30,False,2024-08-08,0.00305,0.001572,0.00157,2.47649,0.48403
2024-08-08,Thu,61685.99,0.11883,BEAR,2024-07-01,0.016349,0.3127,0.7184,0.1762,15,True,2024-08-09,-0.01375,0.000393,-0.0021,2.4692,0.46363
2024-08-09,Fri,60837.99,-0.01375,BEAR,2024-07-01,0.018811,0.2744,0.7555,0.2132,15,False,2024-08-16,-0.03227,0.001965,-0.00533,2.45069,0.4164
2024-08-16,Fri,58874.6,0.02318,BEAR,2024-07-01,0.028514,0.344,0.6857,0.2933,15,False,2024-08-23,0.08769,0.001965,0.0271,2.54422,0.5406
2024-08-23,Fri,64037.24,0.06064,MILD,2024-07-01,0.010349,0.4658,0.5426,0.1685,30,False,2024-08-30,-0.07672,0.001965,-0.01129,2.5042,0.4224
2024-08-30,Fri,59123.99,-0.00396,BEAR,2024-07-01,0.002454,0.4242,0.5936,0.0219,15,False,2024-09-06,-0.08729,0.001965,1e-05,2.50425,0.29823
2024-09-06,Fri,53962.97,-0.03946,BEAR,2024-07-01,0.02661,0.7112,0.742,0.2962,15,False,2024-09-13,0.1211,0.001965,0.03725,2.63478,0.45545
2024-09-13,Fri,60498.0,0.04069,BEAR,2024-07-01,0.003068,0.3123,0.7188,0.0331,15,False,2024-09-20,0.04468,0.001983,0.0034,2.64712,0.52048
2024-09-20,Fri,63201.05,0.00402,BEAR,2024-07-01,0.012076,0.6408,0.6691,0.1212,15,False,2024-09-27,0.04065,0.00201,0.00669,2.67153,0.58228
2024-09-27,Fri,65769.95,0.00914,MILD,2024-07-01,0.000777,0.3309,0.6997,0.0163,30,False,2024-10-04,-0.05601,0.00201,0.00106,2.67544,0.49366
2024-10-04,Fri,62086.0,0.02195,BEAR,2024-07-01,0.006555,0.5028,0.5035,0.0495,15,False,2024-10-11,0.00731,0.00201,0.00227,2.68379,0.50458
2024-10-11,Fri,62540.0,0.03669,BEAR,2024-07-01,-0.003057,0.5332,0.5414,0.0,15,False,2024-10-18,0.09415,0.00201,0.00201,2.69119,0.64623
2024-10-18,Fri,68428.0,0.01492,MILD,2024-07-01,-0.018373,0.3591,0.6692,0.0,30,False,2024-10-25,-0.02528,0.00201,0.00201,2.69861,0.60462
2024-10-25,Fri,66698.33,-0.02199,MILD,2024-07-01,-0.015832,0.2321,0.7924,0.0,30,False,2024-11-01,0.04195,0.00201,0.00201,2.70605,0.67192
2024-11-01,Fri,69496.01,-0.01132,BULL,2024-07-01,-0.011647,0.2678,0.7615,0.0,60,False,2024-11-06,0.08743,0.001206,0.00121,2.71052,0.8181
2024-11-06,Wed,75571.99,0.08937,BULL,2024-07-01,0.009961,0.5029,0.5037,0.301,60,True,2024-11-08,0.01241,0.000839,0.00432,2.72655,0.84066
2024-11-08,Fri,76509.78,0.00859,BULL,2024-07-01,0.014464,0.59,0.6106,0.5299,60,False,2024-11-11,0.15865,0.00042,0.08426,3.04057,1.13268
2024-11-11,Mon,88647.99,0.103,BULL,2024-07-01,0.014881,0.5635,0.5787,0.5167,60,True,2024-11-15,0.02689,0.001259,0.0145,3.09918,1.19004
2024-11-15,Fri,91032.07,0.04244,BULL,2024-07-01,-0.00185,0.6733,0.704,0.0,60,False,2024-11-22,0.08634,0.001679,0.00168,3.10606,1.37913
2024-11-22,Fri,98892.0,0.00585,BULL,2024-07-01,-0.002774,0.5153,0.5192,0.0,60,False,2024-11-29,-0.01448,0.0021,0.0021,3.11468,1.34468
2024-11-29,Fri,97460.0,0.01899,BULL,2024-07-01,-0.018204,0.3237,0.7072,0.0,60,False,2024-12-06,0.0234,0.0021,0.0021,3.12332,1.39955
2024-12-06,Fri,99740.84,0.02883,BULL,2024-07-01,-0.021449,0.2668,0.7624,0.0,60,False,2024-12-13,0.01688,0.002171,0.00217,3.13227,1.44005
2024-12-13,Fri,101424.25,0.0142,BULL,2024-07-01,-0.011443,0.3754,0.6509,0.0,60,False,2024-12-20,-0.03568,0.002278,0.00228,3.14168,1.35299
2024-12-20,Fri,97805.44,0.00353,BULL,2024-07-01,-0.006291,0.4567,0.5539,0.0,60,False,2024-12-27,-0.03585,0.001822,0.00182,3.14923,1.26863
2024-12-27,Fri,94299.03,-0.01558,MILD,2024-07-01,0.034263,0.7516,0.7787,0.8004,30,False,2025-01-03,0.04109,0.001822,0.03325,3.28721,1.36186
2025-01-03,Fri,98174.18,0.01226,BULL,2025-01-01,-0.026813,0.2073,0.8121,0.0,60,False,2025-01-10,-0.03512,0.002278,0.00228,3.29697,1.27891
2025-01-10,Fri,94726.11,0.02349,MILD,2025-01-01,-0.005869,0.5337,0.5421,0.0,30,False,2025-01-17,0.09872,0.002278,0.00228,3.30676,1.50388
2025-01-17,Fri,104077.48,0.04091,BULL,2025-01-01,0.00483,0.6814,0.7124,0.2065,60,False,2025-01-24,0.00762,0.002278,0.00338,3.32132,1.52296
2025-01-24,Fri,104870.5,0.00924,BULL,2025-01-01,-0.00555,0.6144,0.6392,0.0,60,False,2025-01-31,-0.02328,0.002348,0.00235,3.33147,1.46423
2025-01-31,Fri,102429.56,-0.0219,BULL,2025-01-01,-0.010093,0.6129,0.6375,0.0,60,False,2025-02-07,-0.05782,0.002454,0.00245,3.3421,1.32175
2025-02-07,Fri,96506.8,-0.00049,MILD,2025-01-01,0.000766,0.5116,0.5146,0.0118,30,False,2025-02-14,0.0103,0.002454,0.00255,3.35316,1.34565
2025-02-14,Fri,97500.48,0.00924,MILD,2025-01-01,-0.003868,0.4245,0.5933,0.0,30,False,2025-02-21,-0.01352,0.002454,0.00245,3.36384,1.31393
2025-02-21,Fri,96181.98,-0.0216,MILD,2025-01-01,0.006106,0.5079,0.5098,0.0934,30,False,2025-02-28,-0.12302,0.002454,-0.00926,3.32342,1.02928
2025-02-28,Fri,84349.94,-0.00423,MILD,2025-01-01,0.023775,0.7755,0.7986,0.5696,30,False,2025-03-02,0.11761,0.0,0.06699,3.61304,1.26793
2025-03-02,Sun,94270.0,0.09534,MILD,2025-01-01,-0.003237,0.4363,0.579,0.0,30,True,2025-03-03,-0.08539,0.0,0.0,3.61304,1.07428
2025-03-03,Mon,86220.61,-0.08539,MILD,2025-01-01,0.006814,0.4783,0.5271,0.1078,30,True,2025-03-07,0.00674,0.001472,0.00204,3.62245,1.08826
2025-03-07,Fri,86801.75,-0.03481,MILD,2025-01-01,-0.004878,0.4849,0.5188,0.0,30,False,2025-03-14,-0.03247,0.002454,0.00245,3.63379,1.02045
2025-03-14,Fri,83983.2,0.03535,MILD,2025-01-01,0.013954,0.5454,0.5565,0.233,30,False,2025-03-21,0.00126,0.002524,0.00223,3.64412,1.023
2025-03-21,Fri,84088.79,-0.0016,BEAR,2025-01-01,0.012791,0.6198,0.6455,0.1238,15,False,2025-03-28,0.00399,0.002629,0.0028,3.65711,1.03107
2025-03-28,Fri,84424.38,-0.03219,BEAR,2025-01-01,-0.010028,0.3947,0.6286,0.0,15,False,2025-04-04,-0.00633,0.002629,0.00263,3.66936,1.01821
2025-04-04,Fri,83889.87,0.00813,BEAR,2025-01-01,-0.017157,0.3006,0.7305,0.0,15,False,2025-04-09,-0.01519,0.001577,0.00158,3.67672,0.98754
2025-04-09,Wed,82615.22,0.08245,BEAR,2025-01-01,-0.03246,0.1931,0.8227,0.0,15,True,2025-04-11,0.00979,0.001051,0.00105,3.68164,1.007
2025-04-11,Fri,83423.84,0.04794,BEAR,2025-01-01,-0.029385,0.1865,0.8274,0.0,15,False,2025-04-18,0.0126,0.002103,0.0021,3.69148,1.03228
2025-04-18,Fri,84474.69,-0.00557,BEAR,2025-01-01,-0.003083,0.528,0.5349,0.0,15,False,2025-04-25,0.12032,0.002103,0.0021,3.70135,1.2768
2025-04-25,Fri,94638.68,0.007,MILD,2025-01-01,-0.00088,0.5585,0.5725,0.0,30,False,2025-05-02,0.02376,0.002103,0.0021,3.71123,1.3309
2025-05-02,Fri,96887.14,0.00412,MILD,2025-01-01,0.012291,0.4953,0.5058,0.1865,30,False,2025-05-09,0.0628,0.002664,0.01388,3.77663,1.47728
2025-05-09,Fri,102971.99,-0.0028,MILD,2025-01-01,0.017256,0.317,0.714,0.3696,30,False,2025-05-16,0.00478,0.002716,0.00348,3.79325,1.48912
2025-05-16,Fri,103463.9,-0.00289,MILD,2025-01-01,0.049306,0.6168,0.642,0.9497,30,False,2025-05-23,0.03725,0.002716,0.03552,3.96348,1.58185
2025-05-23,Fri,107318.3,-0.03919,BULL,2025-01-01,0.01653,0.5347,0.5432,0.5388,60,False,2025-05-30,-0.03106,0.002716,-0.01548,3.88665,1.50167
2025-05-30,Fri,103985.48,-0.01519,BULL,2025-01-01,0.018268,0.6652,0.6955,0.7623,60,False,2025-06-06,0.00291,0.002716,0.00287,3.90066,1.50896
2025-06-06,Fri,104288.44,0.02738,BULL,2025-01-01,0.012892,0.5567,0.5704,0.4412,60,False,2025-06-13,0.01705,0.002716,0.00904,3.94496,1.55173
2025-06-13,Fri,106066.59,0.00374,BULL,2025-01-01,-0.007102,0.441,0.5732,0.0,60,False,2025-06-20,-0.0261,0.002181,0.00218,3.95575,1.48513
2025-06-20,Fri,103297.99,-0.013,MILD,2025-01-01,0.001145,0.6388,0.6669,0.0229,30,False,2025-06-27,0.0363,0.00276,0.00353,3.97323,1.57533
2025-06-27,Fri,107047.59,0.00094,BULL,2025-01-01,0.015384,0.5464,0.5577,0.5148,60,False,2025-07-04,0.00875,0.00276,0.00584,4.00229,1.59787
2025-07-04,Fri,107984.24,-0.01461,BULL,2025-07-01,0.019639,0.7167,0.7471,0.8804,60,False,2025-07-11,0.08838,0.00276,0.07814,4.39316,1.82746
2025-07-11,Fri,117527.66,0.01308,BULL,2025-07-01,-0.022762,0.2949,0.736,0.0,60,False,2025-07-18,0.00338,0.00276,0.00276,4.40805,1.83702
2025-07-18,Fri,117924.84,-0.01051,BULL,2025-07-01,-0.008324,0.2283,0.7955,0.0,60,False,2025-07-25,-0.00263,0.00276,0.00276,4.42297,1.82955
2025-07-25,Fri,117614.31,-0.00614,BULL,2025-07-01,-0.002071,0.4364,0.5789,0.0,60,False,2025-08-01,-0.0367,0.00276,0.00276,4.43794,1.7257
2025-08-01,Fri,113297.93,-0.0213,BULL,2025-07-01,-0.01893,0.3155,0.7155,0.0,60,False,2025-08-08,0.0298,0.00276,0.00276,4.45294,1.80694
2025-08-08,Fri,116674.74,-0.00679,BULL,2025-07-01,-0.0228,0.3161,0.7149,0.0,60,False,2025-08-15,0.00572,0.00276,0.00276,4.46799,1.823
2025-08-15,Fri,117342.05,-0.00806,BULL,2025-07-01,-0.039449,0.2265,0.7969,0.0,60,False,2025-08-22,-0.00346,0.00276,0.00276,4.48308,1.81323
2025-08-22,Fri,116935.99,0.03943,BULL,2025-07-01,-0.038559,0.1819,0.8307,0.0,60,False,2025-08-29,-0.07319,0.00276,0.00276,4.49821,1.60733
2025-08-29,Fri,108377.4,-0.03722,MILD,2025-07-01,-0.023691,0.4671,0.5411,0.0,30,False,2025-09-05,0.02106,0.00276,0.00276,4.51338,1.66224
2025-09-05,Fri,110659.99,-0.00064,MILD,2025-07-01,-0.035763,0.3195,0.7114,0.0,30,False,2025-09-12,0.04852,0.00276,0.00276,4.5286,1.79142
2025-09-12,Fri,116029.42,0.00473,BULL,2025-07-01,-0.029002,0.3948,0.6286,0.0,60,False,2025-09-19,-0.00342,0.00276,0.00276,4.54386,1.78187
2025-09-19,Fri,115632.38,-0.01231,BULL,2025-07-01,-0.039856,0.2957,0.7353,0.0,60,False,2025-09-26,-0.05179,0.00276,0.00276,4.55915,1.63779
2025-09-26,Fri,109643.46,0.00595,MILD,2025-07-01,-0.038757,0.358,0.6704,0.0,30,False,2025-10-03,0.11481,0.00276,0.00276,4.57449,1.94064
2025-10-03,Fri,122232.0,0.01413,BULL,2025-07-01,-0.035887,0.2408,0.7852,0.0,60,False,2025-10-10,-0.07737,0.00276,0.00276,4.58988,1.71311
2025-10-10,Fri,112774.5,-0.07305,MILD,2025-07-01,-0.006202,0.4143,0.6056,0.0,30,False,2025-10-17,-0.05624,0.00276,0.00276,4.6053,1.56052
2025-10-17,Fri,106431.68,-0.01629,BEAR,2025-07-01,0.036516,0.7928,0.8121,0.4448,15,False,2025-10-24,0.04297,0.00276,0.02065,4.72103,1.67054
2025-10-24,Fri,111004.89,0.00842,MILD,2025-07-01,-0.017833,0.3691,0.6581,0.0,30,False,2025-10-31,-0.01258,0.00276,0.00276,4.73682,1.63693
2025-10-31,Fri,109608.01,0.01186,MILD,2025-07-01,-0.035686,0.2808,0.7495,0.0,30,False,2025-11-07,-0.05719,0.00276,0.00276,4.75265,1.48612
2025-11-07,Fri,103339.08,0.01967,BEAR,2025-07-01,-0.014076,0.5047,0.5059,0.0,15,False,2025-11-14,-0.08463,0.00276,0.00276,4.76852,1.27573
2025-11-14,Fri,94594.0,-0.05114,BEAR,2025-07-01,0.013293,0.7773,0.8,0.1595,15,False,2025-11-21,-0.10005,0.002207,-0.0141,4.68716,1.04803
2025-11-21,Fri,85129.43,-0.0174,BEAR,2025-07-01,0.046623,0.8609,0.8587,0.6005,15,False,2025-11-28,0.06768,0.00276,0.04174,4.92457,1.18663
2025-11-28,Fri,90890.7,-0.00485,BEAR,2025-07-01,0.002731,0.7388,0.7675,0.0314,15,False,2025-12-05,-0.01717,0.00276,0.00213,4.9372,1.14909
2025-12-05,Fri,89330.04,-0.02984,BEAR,2025-07-01,0.000448,0.5928,0.6139,0.0041,15,False,2025-12-12,0.0105,0.00276,0.00279,4.95378,1.17166
2025-12-12,Fri,90268.42,-0.02427,BEAR,2025-07-01,-0.005771,0.5144,0.5179,0.0,15,False,2025-12-19,-0.02361,0.00276,0.00276,4.97021,1.12038
2025-12-19,Fri,88136.94,0.03064,BEAR,2025-07-01,0.007808,0.6679,0.6983,0.0818,15,False,2025-12-26,-0.00871,0.002207,0.00131,4.97806,1.10192
2025-12-26,Fri,87369.56,0.00165,BEAR,2025-07-01,0.001504,0.4939,0.5076,0.0115,15,False,2026-01-02,0.03005,0.002207,0.00253,4.99316,1.16509
2026-01-02,Fri,89995.13,0.01301,BEAR,2026-01-01,-0.002057,0.517,0.5212,0.0,15,False,2026-01-09,0.00718,0.00276,0.00276,5.00969,1.18063
2026-01-09,Fri,90641.28,-0.00504,BEAR,2026-01-01,0.012151,0.4831,0.5211,0.095,15,False,2026-01-16,0.05417,0.00276,0.00764,5.05562,1.29875
2026-01-16,Fri,95550.94,-0.00056,BEAR,2026-01-01,0.019165,0.6295,0.6565,0.1887,15,False,2026-01-23,-0.06228,0.00276,-0.00951,4.998,1.15559
2026-01-23,Fri,89600.26,0.00045,BEAR,2026-01-01,0.0204,0.6938,0.7249,0.2218,15,False,2026-01-30,-0.0596,0.00276,-0.01107,4.9316,1.02713
2026-01-30,Fri,84260.49,-0.0046,BEAR,2026-01-01,-0.006065,0.5655,0.5811,0.0,15,False,2026-02-05,-0.25339,0.002207,0.00221,4.94469,0.51348
2026-02-05,Thu,62909.86,-0.14017,BEAR,2026-01-01,0.04445,0.8729,0.8658,0.5773,15,True,2026-02-06,0.12193,0.000551,0.07062,5.36451,0.69801
2026-02-06,Fri,70580.26,0.12193,BEAR,2026-01-01,0.018224,0.828,0.8375,0.2289,15,True,2026-02-13,-0.02446,0.00276,-0.00347,5.34241,0.65648
2026-02-13,Fri,68853.96,0.03896,BEAR,2026-01-01,0.027728,0.7807,0.8028,0.3339,15,False,2026-02-20,-0.01211,0.001655,-0.00294,5.32375,0.63641
2026-02-20,Fri,68020.01,0.01517,BEAR,2026-01-01,0.016408,0.7312,0.7606,0.1872,15,False,2026-02-27,-0.03158,0.00276,-0.00367,5.30056,0.58474
2026-02-27,Fri,65872.1,-0.0239,BEAR,2026-01-01,0.036179,0.8107,0.8254,0.4479,15,False,2026-03-06,0.03403,0.00276,0.01677,5.40621,0.63868
2026-03-06,Fri,68114.02,-0.03917,BEAR,2026-01-01,0.004515,0.6012,0.6239,0.0423,15,False,2026-03-13,0.04134,0.00276,0.00439,5.43433,0.70642
2026-03-13,Fri,70930.0,0.00551,BEAR,2026-01-01,0.026091,0.7398,0.7684,0.3007,15,False,2026-03-20,-0.00591,0.002742,0.00014,5.43523,0.69634
2026-03-20,Fri,70510.73,0.0083,BEAR,2026-01-01,0.013716,0.7083,0.7391,0.1521,15,False,2026-03-27,-0.0582,0.002716,-0.00655,5.3931,0.59762
2026-03-27,Fri,66407.28,-0.03506,BEAR,2026-01-01,0.020136,0.823,0.8341,0.2519,15,False,2026-04-03,0.00839,0.002172,0.00374,5.417,0.61102
2026-04-03,Fri,66964.3,0.00093,BEAR,2026-01-01,0.035614,0.9132,0.8875,0.4741,15,False,2026-04-10,0.08958,0.002716,0.0439,5.69871,0.75533
2026-04-10,Fri,72962.7,0.01636,BEAR,2026-01-01,0.034129,0.8686,0.8633,0.4419,15,False,2026-04-17,0.05632,0.002716,0.02641,5.8756,0.85419
2026-04-17,Fri,77072.0,0.02552,BEAR,2026-01-01,0.018054,0.7441,0.7722,0.2091,15,False,2026-04-24,0.00474,0.002172,0.00271,5.89422,0.86297
2026-04-24,Fri,77437.13,-0.01048,BEAR,2026-01-01,0.019544,0.6987,0.7298,0.2139,15,False,2026-05-01,0.01025,0.002164,0.00389,5.92107,0.88207
2026-05-01,Fri,78231.13,0.02468,BEAR,2026-01-01,0.026796,0.6865,0.7175,0.2884,15,False,2026-05-08,0.02508,0.002673,0.00914,5.9843,0.92927
2026-05-08,Fri,80193.17,0.00234,BEAR,2026-01-01,0.025844,0.686,0.7171,0.278,15,False,2026-05-15,-0.01347,0.002673,-0.00181,5.97163,0.90329
2026-05-15,Fri,79113.21,-0.02438,BEAR,2026-01-01,0.030175,0.7843,0.8056,0.3646,15,False,2026-05-22,-0.04517,0.002673,-0.01477,5.86863,0.81732
2026-05-22,Fri,75539.5,-0.02675,BEAR,2026-01-01,0.012333,0.675,0.7057,0.1306,15,False,2026-05-29,-0.02752,0.002673,-0.00127,5.85992,0.76731
2026-05-29,Fri,73460.78,-0.00213,BEAR,2026-01-01,0.012852,0.7334,0.7626,0.147,15,False,2026-06-05,-0.16886,0.002138,-0.023,5.70214,0.46889
2026-06-05,Fri,61056.47,-0.04429,BEAR,2026-01-01,0.039641,0.8732,0.866,0.5149,15,False,2026-06-06,-0.00281,0.0,-0.00145,5.69242,0.46475
