date,day,price_usd,regime,previsao,p_up,confidence_factor,allocation,K_base,K_effective,is_emergency,retorno_btc,retorno_strat,action
2022-01-07,Fri,41566.48,BEAR,0.0365,0.6001,0.8177,0.4471,15,12.27,False,0.0359,0.017,REBALANCE (Fri) [H1 BAGS=160 cut 2022-01-01]
2022-01-14,Fri,43059.96,BEAR,-0.0185,0.3495,0.9053,0.0,15,13.58,False,-0.1536,0.0017,REBALANCE (Fri) [H1 BAGS=160 cut 2022-01-01]
2022-01-21,Fri,36445.31,BEAR,0.072,0.7088,0.9582,1.0,15,14.37,False,0.0349,0.0349,REBALANCE (Fri) [H1 BAGS=160 cut 2022-01-01]
2022-01-28,Fri,37716.56,BEAR,0.0353,0.7981,0.9887,0.5229,15,14.83,False,0.1023,0.0544,REBALANCE (Fri) [H1 BAGS=160 cut 2022-01-01]
2022-02-04,Fri,41574.25,BEAR,-0.0151,0.3055,0.9487,0.0,15,14.23,False,0.0192,0.002,REBALANCE (Fri) [H1 BAGS=160 cut 2022-01-01]
2022-02-11,Fri,42373.73,BEAR,0.0002,0.181,0.9917,0.0031,15,14.88,False,-0.0566,0.0018,REBALANCE (Fri) [H1 BAGS=160 cut 2022-01-01]
2022-02-18,Fri,39974.44,BEAR,-0.0054,0.1742,0.9925,0.0,15,14.89,False,-0.0189,0.002,REBALANCE (Fri) [H1 BAGS=160 cut 2022-01-01]
2022-02-25,Fri,39219.17,BEAR,0.0374,0.5816,0.7729,0.4335,15,11.59,False,0.1005,0.0436,REBALANCE (Fri) [H1 BAGS=160 cut 2022-01-01]
2022-02-28,Mon,43160.0,BEAR,0.0026,0.3011,0.9518,0.0366,15,14.28,True,-0.0929,-0.0022,EMERGENCY (ret +14.5%) [H1 BAGS=160 cut 2022-01-01]
2022-03-04,Fri,39148.66,BEAR,0.0075,0.3223,0.935,0.1057,15,14.02,False,0.0713,0.0086,REBALANCE (Fri) [H1 BAGS=160 cut 2022-01-01]
2022-03-09,Wed,41941.71,BEAR,0.0074,0.3208,0.9363,0.1041,15,14.04,True,-0.0766,-0.0073,EMERGENCY (ret +8.3%) [H1 BAGS=160 cut 2022-01-01]
2022-03-11,Fri,38729.57,BEAR,0.0248,0.4269,0.7496,0.2786,15,11.24,False,0.0782,0.0233,REBALANCE (Fri) [H1 BAGS=160 cut 2022-01-01]
2022-03-18,Fri,41757.51,BEAR,-0.0043,0.2607,0.9731,0.0,15,14.6,False,0.0612,0.0022,REBALANCE (Fri) [H1 BAGS=160 cut 2022-01-01]
2022-03-25,Fri,44313.16,BEAR,0.0142,0.5643,0.7239,0.1546,15,10.86,False,0.0445,0.0087,REBALANCE (Fri) [H1 BAGS=160 cut 2022-01-01]
2022-04-01,Fri,46283.49,BEAR,0.0107,0.3787,0.8605,0.1381,15,12.91,False,-0.0871,-0.0101,REBALANCE (Fri) [H1 BAGS=160 cut 2022-01-01]
2022-04-08,Fri,42252.01,BEAR,0.0004,0.3882,0.8426,0.005,15,12.64,False,-0.0402,0.0015,REBALANCE (Fri) [H1 BAGS=160 cut 2022-01-01]
2022-04-15,Fri,40551.9,BEAR,-0.0207,0.5002,0.5009,0.0,15,7.51,False,-0.0208,0.0018,REBALANCE (Fri) [H1 BAGS=160 cut 2022-01-01]
2022-04-22,Fri,39709.18,BEAR,-0.0503,0.305,0.9491,0.0,15,14.24,False,-0.028,0.0022,REBALANCE (Fri) [H1 BAGS=160 cut 2022-01-01]
2022-04-29,Fri,38596.11,BEAR,-0.0438,0.465,0.6282,0.0,15,9.42,False,-0.0669,0.0023,REBALANCE (Fri) [H1 BAGS=160 cut 2022-01-01]
2022-05-06,Fri,36013.77,BEAR,-0.047,0.347,0.9085,0.0,15,13.63,False,-0.1649,0.0005,REBALANCE (Fri) [H1 BAGS=160 cut 2022-01-01]
2022-05-09,Mon,30076.31,BEAR,0.0002,0.4891,0.5406,0.0014,15,8.11,True,-0.0262,0.0019,EMERGENCY (ret -11.6%) [H1 BAGS=160 cut 2022-01-01]
2022-05-13,Fri,29287.05,BEAR,-0.0031,0.6553,0.9113,0.0,15,13.67,False,-0.0029,0.0024,REBALANCE (Fri) [H1 BAGS=160 cut 2022-01-01]
2022-05-20,Fri,29201.01,BEAR,-0.0332,0.5423,0.6534,0.0,15,9.8,False,-0.0196,0.0024,REBALANCE (Fri) [H1 BAGS=160 cut 2022-01-01]
2022-05-27,Fri,28629.8,BEAR,-0.0185,0.5127,0.5475,0.0,15,8.21,False,0.0374,0.0024,REBALANCE (Fri) [H1 BAGS=160 cut 2022-01-01]
2022-06-03,Fri,29700.21,BEAR,-0.057,0.5774,0.7616,0.0,15,11.42,False,-0.0205,0.0024,REBALANCE (Fri) [H1 BAGS=160 cut 2022-01-01]
2022-06-10,Fri,29091.88,BEAR,-0.0412,0.458,0.6523,0.0,15,9.79,False,-0.227,0.0005,REBALANCE (Fri) [H1 BAGS=160 cut 2022-01-01]
2022-06-13,Mon,22487.41,BEAR,-0.0059,0.6248,0.8667,0.0,15,13.0,True,-0.0928,0.0009,EMERGENCY (ret -15.4%) [H1 BAGS=160 cut 2022-01-01]
2022-06-16,Thu,20401.31,BEAR,0.0002,0.7439,0.9749,0.0032,15,14.62,True,0.0033,0.0005,EMERGENCY (ret -9.7%) [H1 BAGS=160 cut 2022-01-01]
2022-06-17,Fri,20468.81,BEAR,-0.0212,0.7479,0.9763,0.0,15,14.64,False,0.0051,0.0,REBALANCE (Fri) [H1 BAGS=160 cut 2022-01-01]
2022-06-19,Sun,20574.0,BEAR,-0.0246,0.7243,0.9666,0.0,15,14.5,True,0.0323,0.0025,EMERGENCY (ret +8.5%) [H1 BAGS=160 cut 2022-01-01]
2022-06-24,Fri,21237.69,BEAR,-0.0575,0.3819,0.8546,0.0,15,12.82,False,-0.0922,0.0025,REBALANCE (Fri) [H1 BAGS=160 cut 2022-01-01]
2022-07-01,Fri,19279.8,BEAR,0.0094,0.6421,0.894,0.1254,15,13.41,False,0.1201,0.0172,REBALANCE (Fri) [H1 BAGS=160 cut 2022-07-01]
2022-07-08,Fri,21594.75,BEAR,-0.0374,0.2749,0.967,0.0,15,14.5,False,-0.0354,0.0025,REBALANCE (Fri) [H1 BAGS=160 cut 2022-07-01]
2022-07-15,Fri,20830.04,BEAR,-0.0515,0.3401,0.9167,0.0,15,13.75,False,0.089,0.0025,REBALANCE (Fri) [H1 BAGS=160 cut 2022-07-01]
2022-07-22,Fri,22684.83,BEAR,-0.0521,0.2828,0.9629,0.0,15,14.44,False,0.048,0.0025,REBALANCE (Fri) [H1 BAGS=160 cut 2022-07-01]
2022-07-29,Fri,23773.75,BEAR,-0.0656,0.1859,0.9911,0.0,15,14.87,False,-0.0194,0.0025,REBALANCE (Fri) [H1 BAGS=160 cut 2022-07-01]
2022-08-05,Fri,23312.42,BEAR,-0.0586,0.2321,0.9823,0.0,15,14.74,False,0.0468,0.0025,REBALANCE (Fri) [H1 BAGS=160 cut 2022-07-01]
2022-08-12,Fri,24403.68,BEAR,-0.0411,0.283,0.9629,0.0,15,14.44,False,-0.1463,0.0025,REBALANCE (Fri) [H1 BAGS=160 cut 2022-07-01]
2022-08-19,Fri,20834.39,BEAR,-0.0602,0.3557,0.8971,0.0,15,13.46,False,-0.0285,0.0025,REBALANCE (Fri) [H1 BAGS=160 cut 2022-07-01]
2022-08-26,Fri,20241.05,BEAR,-0.0462,0.592,0.7989,0.0,15,11.98,False,-0.0143,0.0025,REBALANCE (Fri) [H1 BAGS=160 cut 2022-07-01]
2022-09-02,Fri,19951.86,BEAR,-0.0395,0.4207,0.7666,0.0,15,11.5,False,0.0706,0.002,REBALANCE (Fri) [H1 BAGS=160 cut 2022-07-01]
2022-09-09,Fri,21360.11,BEAR,-0.059,0.1495,0.9948,0.0,15,14.92,False,-0.0555,0.001,REBALANCE (Fri) [H1 BAGS=160 cut 2022-07-01]
2022-09-13,Tue,20173.57,BEAR,-0.0491,0.2421,0.9795,0.0,15,14.69,True,-0.0184,0.0015,EMERGENCY (ret -9.9%) [H1 BAGS=160 cut 2022-07-01]
2022-09-16,Fri,19803.3,BEAR,-0.0568,0.3803,0.8577,0.0,15,12.86,False,-0.0259,0.0025,REBALANCE (Fri) [H1 BAGS=160 cut 2022-07-01]
2022-09-23,Fri,19289.91,BEAR,-0.0374,0.402,0.8131,0.0,15,12.2,False,0.0069,0.0025,REBALANCE (Fri) [H1 BAGS=160 cut 2022-07-01]
2022-09-30,Fri,19422.61,BEAR,-0.0617,0.2184,0.9856,0.0,15,14.78,False,0.0055,0.0025,REBALANCE (Fri) [H1 BAGS=160 cut 2022-07-01]
2022-10-07,Fri,19530.09,BEAR,-0.053,0.5072,0.527,0.0,15,7.91,False,-0.0181,0.002,REBALANCE (Fri) [H1 BAGS=160 cut 2022-07-01]
2022-10-14,Fri,19176.93,BEAR,-0.0495,0.5658,0.7286,0.0,15,10.93,False,-0.0007,0.0025,REBALANCE (Fri) [H1 BAGS=160 cut 2022-07-01]
2022-10-21,Fri,19164.37,BEAR,-0.0003,0.7075,0.9574,0.0,15,14.36,False,0.0745,0.0025,REBALANCE (Fri) [H1 BAGS=160 cut 2022-07-01]
2022-10-28,Fri,20591.84,BEAR,-0.0073,0.5382,0.6393,0.0,15,9.59,False,0.027,0.002,REBALANCE (Fri) [H1 BAGS=160 cut 2022-07-01]
2022-11-04,Fri,21148.52,BEAR,-0.0221,0.4445,0.6967,0.0,15,10.45,False,-0.123,0.001,REBALANCE (Fri) [H1 BAGS=160 cut 2022-07-01]
2022-11-08,Tue,18547.23,BEAR,-0.005,0.6433,0.8956,0.0,15,13.43,True,-0.1415,0.0005,EMERGENCY (ret -9.9%) [H1 BAGS=160 cut 2022-07-01]
2022-11-09,Wed,15922.81,BEAR,0.0016,0.5937,0.803,0.0187,15,12.04,True,0.1054,0.0025,EMERGENCY (ret -14.1%) [H1 BAGS=160 cut 2022-07-01]
2022-11-10,Thu,17601.15,BEAR,-0.0264,0.472,0.6035,0.0,15,9.05,True,-0.0302,0.0005,EMERGENCY (ret +10.5%) [H1 BAGS=160 cut 2022-07-01]
2022-11-11,Fri,17070.31,BEAR,-0.0251,0.4805,0.5728,0.0,15,8.59,False,-0.0217,0.002,REBALANCE (Fri) [H1 BAGS=160 cut 2022-07-01]
2022-11-18,Fri,16700.45,BEAR,-0.0098,0.5406,0.6477,0.0,15,9.72,False,-0.0107,0.0025,REBALANCE (Fri) [H1 BAGS=160 cut 2022-07-01]
2022-11-25,Fri,16522.14,BEAR,-0.0277,0.2292,0.9831,0.0,15,14.75,False,0.0345,0.0025,REBALANCE (Fri) [H1 BAGS=160 cut 2022-07-01]
2022-12-02,Fri,17092.74,BEAR,-0.0346,0.2217,0.9849,0.0,15,14.77,False,0.0021,0.0025,REBALANCE (Fri) [H1 BAGS=160 cut 2022-07-01]
2022-12-09,Fri,17128.56,BEAR,-0.0299,0.2865,0.9609,0.0,15,14.41,False,-0.029,0.0025,REBALANCE (Fri) [H1 BAGS=160 cut 2022-07-01]
2022-12-16,Fri,16632.12,BEAR,-0.0627,0.1347,0.9958,0.0,15,14.94,False,0.0088,0.0025,REBALANCE (Fri) [H1 BAGS=160 cut 2022-07-01]
2022-12-23,Fri,16778.5,BEAR,-0.0651,0.1362,0.9958,0.0,15,14.94,False,-0.0102,0.0025,REBALANCE (Fri) [H1 BAGS=160 cut 2022-07-01]
2022-12-30,Fri,16607.48,BEAR,-0.0607,0.1535,0.9945,0.0,15,14.92,False,0.0207,0.0025,REBALANCE (Fri) [H1 BAGS=160 cut 2022-07-01]
2023-01-06,Fri,16950.65,BEAR,-0.0035,0.459,0.6491,0.0,15,9.74,False,0.1758,0.0025,REBALANCE (Fri) [H1 BAGS=160 cut 2023-01-01]
2023-01-13,Fri,19930.01,MILD,-0.0094,0.4927,0.5273,0.0,30,15.82,False,0.1373,0.0025,REBALANCE (Fri) [H1 BAGS=160 cut 2023-01-01]
2023-01-20,Fri,22667.21,MILD,-0.0315,0.4583,0.6514,0.0,30,19.54,False,0.018,0.0025,REBALANCE (Fri) [H1 BAGS=160 cut 2023-01-01]
2023-01-27,Fri,23074.16,MILD,0.0043,0.6575,0.9139,0.1167,30,27.42,False,0.0155,0.0041,REBALANCE (Fri) [H1 BAGS=160 cut 2023-01-01]
2023-02-03,Fri,23431.9,MILD,0.0041,0.6633,0.9205,0.1122,30,27.61,False,-0.0771,-0.0064,REBALANCE (Fri) [H1 BAGS=160 cut 2023-01-01]
2023-02-10,Fri,21625.19,BULL,0.0093,0.7642,0.9814,0.5482,60,58.88,False,0.1248,0.0691,REBALANCE (Fri) [H1 BAGS=160 cut 2023-01-01]
2023-02-15,Wed,24324.05,BULL,-0.0157,0.3822,0.8541,0.0,60,51.25,True,0.0101,0.001,EMERGENCY (ret +9.6%) [H1 BAGS=160 cut 2023-01-01]
2023-02-17,Fri,24569.97,BULL,-0.022,0.4919,0.5303,0.0,60,31.82,False,-0.0564,0.0015,REBALANCE (Fri) [H1 BAGS=160 cut 2023-01-01]
2023-02-24,Fri,23185.29,BULL,-0.0075,0.5046,0.5173,0.0,60,31.04,False,-0.0358,0.0025,REBALANCE (Fri) [H1 BAGS=160 cut 2023-01-01]
2023-03-03,Fri,22354.34,MILD,0.0034,0.5097,0.5364,0.0553,30,16.09,False,-0.0986,-0.003,REBALANCE (Fri) [H1 BAGS=160 cut 2023-01-01]
2023-03-10,Fri,20150.69,MILD,0.0143,0.6429,0.8951,0.3841,30,26.85,False,0.1967,0.0758,REBALANCE (Fri) [H1 BAGS=160 cut 2023-01-01]
2023-03-13,Mon,24113.48,BULL,-0.0267,0.1786,0.992,0.0,60,59.52,True,0.1361,0.002,EMERGENCY (ret +9.6%) [H1 BAGS=160 cut 2023-01-01]
2023-03-17,Fri,27395.13,BULL,-0.0317,0.3691,0.877,0.0,60,52.62,False,0.0022,0.0025,REBALANCE (Fri) [H1 BAGS=160 cut 2023-01-01]
2023-03-24,Fri,27454.47,BULL,-0.0147,0.5343,0.626,0.0,60,37.56,False,0.0368,0.0025,REBALANCE (Fri) [H1 BAGS=160 cut 2023-01-01]
2023-03-31,Fri,28465.36,BULL,-0.02,0.3648,0.8836,0.0,60,53.02,False,-0.0196,0.002,REBALANCE (Fri) [H1 BAGS=160 cut 2023-01-01]
2023-04-07,Fri,27906.33,BULL,-0.0019,0.6048,0.828,0.0,60,49.68,False,0.0918,0.0025,REBALANCE (Fri) [H1 BAGS=160 cut 2023-01-01]
2023-04-14,Fri,30466.93,BULL,-0.0198,0.5621,0.7174,0.0,60,43.04,False,-0.1052,0.002,REBALANCE (Fri) [H1 BAGS=160 cut 2023-01-01]
2023-04-21,Fri,27262.84,BULL,-0.0118,0.5342,0.6257,0.0,60,37.54,False,0.0752,0.0025,REBALANCE (Fri) [H1 BAGS=160 cut 2023-01-01]
2023-04-28,Fri,29311.7,BULL,-0.0202,0.3614,0.8889,0.0,60,53.33,False,0.0066,0.002,REBALANCE (Fri) [H1 BAGS=160 cut 2023-01-01]
2023-05-05,Fri,29505.61,BULL,-0.0056,0.3966,0.825,0.0,60,49.5,False,-0.0919,0.0025,REBALANCE (Fri) [H1 BAGS=160 cut 2023-01-01]
2023-05-12,Fri,26795.01,MILD,-0.0101,0.4544,0.6646,0.0,30,19.94,False,0.0032,0.0025,REBALANCE (Fri) [H1 BAGS=160 cut 2023-01-01]
2023-05-19,Fri,26880.26,MILD,-0.0294,0.2183,0.9856,0.0,30,29.57,False,-0.0065,0.0025,REBALANCE (Fri) [H1 BAGS=160 cut 2023-01-01]
2023-05-26,Fri,26705.92,MILD,-0.0113,0.5195,0.5726,0.0,30,17.18,False,0.0201,0.0025,REBALANCE (Fri) [H1 BAGS=160 cut 2023-01-01]
2023-06-02,Fri,27242.59,MILD,-0.014,0.3907,0.8375,0.0,30,25.13,False,-0.0281,0.002,REBALANCE (Fri) [H1 BAGS=160 cut 2023-01-01]
2023-06-09,Fri,26477.81,MILD,-0.0105,0.4061,0.8036,0.0,30,24.11,False,-0.005,0.0025,REBALANCE (Fri) [H1 BAGS=160 cut 2023-01-01]
2023-06-16,Fri,26345.0,MILD,-0.0123,0.348,0.9072,0.0,30,27.21,False,0.1649,0.0025,REBALANCE (Fri) [H1 BAGS=160 cut 2023-01-01]
2023-06-23,Fri,30688.5,BULL,-0.0218,0.3805,0.8572,0.0,60,51.43,False,-0.0071,0.0025,REBALANCE (Fri) [H1 BAGS=160 cut 2023-01-01]
2023-06-30,Fri,30472.0,BULL,-0.0027,0.5915,0.7978,0.0,60,47.87,False,-0.0042,0.0025,REBALANCE (Fri) [H1 BAGS=160 cut 2023-01-01]
2023-07-07,Fri,30344.7,BULL,0.0123,0.7058,0.9563,0.7051,60,57.38,False,-0.0011,-0.0,REBALANCE (Fri) [H1 BAGS=160 cut 2023-07-01]
2023-07-14,Fri,30312.01,BULL,0.0124,0.6612,0.9182,0.682,60,55.09,False,-0.0135,-0.0084,REBALANCE (Fri) [H1 BAGS=160 cut 2023-07-01]
2023-07-21,Fri,29901.72,BULL,0.0085,0.601,0.8198,0.4203,60,49.19,False,-0.0197,-0.0068,REBALANCE (Fri) [H1 BAGS=160 cut 2023-07-01]
2023-07-28,Fri,29314.14,BULL,0.0057,0.5108,0.5403,0.1832,60,32.42,False,-0.0068,0.0008,REBALANCE (Fri) [H1 BAGS=160 cut 2023-07-01]
2023-08-04,Fri,29113.99,MILD,0.0228,0.7013,0.9535,0.6534,30,28.6,False,0.0107,0.0079,REBALANCE (Fri) [H1 BAGS=160 cut 2023-07-01]
2023-08-11,Fri,29426.03,MILD,-0.0003,0.6285,0.8729,0.0,30,26.19,False,-0.1146,0.0025,REBALANCE (Fri) [H1 BAGS=160 cut 2023-07-01]
2023-08-18,Fri,26054.0,BEAR,0.0354,0.8153,0.9912,0.5269,15,14.87,False,0.0002,0.0013,REBALANCE (Fri) [H1 BAGS=160 cut 2023-07-01]
2023-08-25,Fri,26060.01,BEAR,0.023,0.7903,0.9873,0.3401,15,14.81,False,-0.0098,-0.0017,REBALANCE (Fri) [H1 BAGS=160 cut 2023-07-01]
2023-09-01,Fri,25805.05,BEAR,0.0159,0.7052,0.956,0.2273,15,14.34,False,0.0041,0.0024,REBALANCE (Fri) [H1 BAGS=160 cut 2023-07-01]
2023-09-08,Fri,25910.5,BEAR,0.0098,0.7141,0.9613,0.1417,15,14.42,False,0.0266,0.0059,REBALANCE (Fri) [H1 BAGS=160 cut 2023-07-01]
2023-09-15,Fri,26600.0,BEAR,0.0017,0.6632,0.9205,0.0233,15,13.81,False,-0.0007,0.0023,REBALANCE (Fri) [H1 BAGS=160 cut 2023-07-01]
2023-09-22,Fri,26580.14,BEAR,0.0029,0.5754,0.7561,0.0331,15,11.34,False,0.0123,0.0027,REBALANCE (Fri) [H1 BAGS=160 cut 2023-07-01]
2023-09-29,Fri,26906.96,BEAR,0.0061,0.5584,0.706,0.0649,15,10.59,False,0.0381,0.0047,REBALANCE (Fri) [H1 BAGS=160 cut 2023-07-01]
2023-10-06,Fri,27931.09,BEAR,0.026,0.6123,0.8436,0.3292,15,12.65,False,-0.0383,-0.0113,REBALANCE (Fri) [H1 BAGS=160 cut 2023-07-01]
2023-10-13,Fri,26862.0,BEAR,0.0196,0.6156,0.8499,0.2499,15,12.75,False,0.1045,0.0279,REBALANCE (Fri) [H1 BAGS=160 cut 2023-07-01]
2023-10-20,Fri,29669.04,MILD,0.0139,0.6704,0.928,0.387,30,27.84,False,0.1146,0.0447,REBALANCE (Fri) [H1 BAGS=160 cut 2023-07-01]
2023-10-23,Mon,33069.99,MILD,0.024,0.667,0.9245,0.6661,30,27.73,True,0.0249,0.0172,EMERGENCY (ret +10.3%) [H1 BAGS=160 cut 2023-07-01]
2023-10-27,Fri,33892.02,MILD,0.0228,0.6678,0.9253,0.6324,30,27.76,False,0.0243,0.0161,REBALANCE (Fri) [H1 BAGS=160 cut 2023-07-01]
2023-11-03,Fri,34716.78,BULL,0.0205,0.8042,0.9897,1.0,60,59.38,False,0.0745,0.0745,REBALANCE (Fri) [H1 BAGS=160 cut 2023-07-01]
2023-11-10,Fri,37301.63,BULL,-0.0089,0.3644,0.8844,0.0,60,53.06,False,-0.0184,0.0018,REBALANCE (Fri) [H1 BAGS=160 cut 2023-07-01]
2023-11-17,Fri,36613.92,BULL,0.0114,0.6055,0.8296,0.5656,60,49.78,False,0.03,0.018,REBALANCE (Fri) [H1 BAGS=160 cut 2023-07-01]
2023-11-24,Fri,37713.57,BULL,0.0069,0.5991,0.8154,0.3366,60,48.93,False,0.0257,0.0102,REBALANCE (Fri) [H1 BAGS=160 cut 2023-07-01]
2023-12-01,Fri,38682.52,BULL,0.0146,0.4812,0.5701,0.5007,60,34.21,False,0.1419,0.0722,REBALANCE (Fri) [H1 BAGS=160 cut 2023-07-01]
2023-12-08,Fri,44170.99,BULL,0.0005,0.6378,0.8877,0.0287,60,53.26,False,-0.0505,0.0007,REBALANCE (Fri) [H1 BAGS=160 cut 2023-07-01]
2023-12-15,Fri,41940.3,BULL,0.0218,0.79,0.9873,1.0,60,59.24,False,0.0484,0.0484,REBALANCE (Fri) [H1 BAGS=160 cut 2023-07-01]
2023-12-22,Fri,43969.04,BULL,0.002,0.4948,0.5194,0.061,60,31.16,False,-0.0433,-0.001,REBALANCE (Fri) [H1 BAGS=160 cut 2023-07-01]
2023-12-29,Fri,42066.95,BULL,0.0046,0.678,0.9352,0.259,60,56.11,False,0.0494,0.0141,REBALANCE (Fri) [H1 BAGS=160 cut 2023-07-01]
2024-01-05,Fri,44145.11,BULL,-0.009,0.4139,0.7844,0.0,60,47.06,False,-0.0309,0.0022,REBALANCE (Fri) [H1 BAGS=160 cut 2024-01-01]
2024-01-12,Fri,42782.73,BULL,0.0024,0.4926,0.5277,0.0758,60,31.66,False,-0.0263,0.0,REBALANCE (Fri) [H1 BAGS=160 cut 2024-01-01]
2024-01-19,Fri,41659.03,MILD,0.0176,0.6888,0.9443,0.4994,30,28.33,False,0.0039,0.0031,REBALANCE (Fri) [H1 BAGS=160 cut 2024-01-01]
2024-01-26,Fri,41823.51,MILD,0.0093,0.4323,0.734,0.2043,30,22.02,False,0.0329,0.0084,REBALANCE (Fri) [H1 BAGS=160 cut 2024-01-01]
2024-02-02,Fri,43200.0,BULL,0.0223,0.7656,0.9817,1.0,60,58.9,False,0.091,0.091,REBALANCE (Fri) [H1 BAGS=160 cut 2024-01-01]
2024-02-09,Fri,47132.77,BULL,0.0183,0.6708,0.9284,1.0,60,55.7,False,0.1059,0.1059,REBALANCE (Fri) [H1 BAGS=160 cut 2024-01-01]
2024-02-16,Fri,52124.11,BULL,0.0012,0.678,0.9352,0.0681,60,56.11,False,-0.0265,0.0002,REBALANCE (Fri) [H1 BAGS=160 cut 2024-01-01]
2024-02-23,Fri,50744.15,BULL,0.0279,0.7215,0.9652,1.0,60,57.91,False,0.2303,0.2303,REBALANCE (Fri) [H1 BAGS=160 cut 2024-01-01]
2024-02-28,Wed,62432.1,BULL,0.0033,0.517,0.5636,0.1131,60,33.81,True,-0.0007,0.0007,EMERGENCY (ret +9.5%) [H1 BAGS=160 cut 2024-01-01]
2024-03-01,Fri,62387.9,BULL,-0.0284,0.2613,0.9729,0.0,60,58.37,False,0.0939,0.0004,REBALANCE (Fri) [H1 BAGS=160 cut 2024-01-01]
2024-03-04,Mon,68245.71,BULL,-0.0448,0.2013,0.9888,0.0,60,59.33,True,-0.0018,0.0017,EMERGENCY (ret +8.1%) [H1 BAGS=160 cut 2024-01-01]
2024-03-08,Fri,68124.19,BULL,-0.0411,0.1773,0.9922,0.0,60,59.53,False,0.0202,0.0021,REBALANCE (Fri) [H1 BAGS=160 cut 2024-01-01]
2024-03-15,Fri,69499.85,BULL,-0.0299,0.239,0.9804,0.0,60,58.83,False,-0.1088,0.0008,REBALANCE (Fri) [H1 BAGS=160 cut 2024-01-01]
2024-03-19,Tue,61937.4,BULL,0.0062,0.5416,0.651,0.2416,60,39.06,True,0.0953,0.0233,EMERGENCY (ret -8.4%) [H1 BAGS=160 cut 2024-01-01]
2024-03-20,Wed,67840.51,BULL,-0.0143,0.4412,0.7073,0.0,60,42.44,True,-0.0596,0.0008,EMERGENCY (ret +9.5%) [H1 BAGS=160 cut 2024-01-01]
2024-03-22,Fri,63796.64,BULL,-0.0022,0.4263,0.7512,0.0,60,45.07,False,0.0949,0.0016,REBALANCE (Fri) [H1 BAGS=160 cut 2024-01-01]
2024-03-29,Fri,69850.54,BULL,-0.0076,0.627,0.8704,0.0,60,52.23,False,-0.0291,0.002,REBALANCE (Fri) [H1 BAGS=160 cut 2024-01-01]
2024-04-05,Fri,67820.62,BULL,-0.0185,0.3692,0.8768,0.0,60,52.61,False,-0.0104,0.002,REBALANCE (Fri) [H1 BAGS=160 cut 2024-01-01]
2024-04-12,Fri,67116.52,BULL,-0.0184,0.3532,0.9005,0.0,60,54.03,False,-0.0491,0.002,REBALANCE (Fri) [H1 BAGS=160 cut 2024-01-01]
2024-04-19,Fri,63818.01,MILD,0.004,0.2831,0.9628,0.1163,30,28.88,False,-0.0008,0.0017,REBALANCE (Fri) [H1 BAGS=160 cut 2024-01-01]
2024-04-26,Fri,63770.01,MILD,0.0067,0.5264,0.5977,0.1201,30,17.93,False,-0.0139,-0.0003,REBALANCE (Fri) [H1 BAGS=160 cut 2024-01-01]
2024-05-03,Fri,62882.01,MILD,0.0054,0.5657,0.7281,0.1176,30,21.84,False,-0.0331,-0.0021,REBALANCE (Fri) [H1 BAGS=160 cut 2024-01-01]
2024-05-10,Fri,60799.99,MILD,-0.0102,0.2504,0.9769,0.0,30,29.31,False,0.1024,0.002,REBALANCE (Fri) [H1 BAGS=160 cut 2024-01-01]
2024-05-17,Fri,67024.0,BULL,0.0019,0.507,0.5264,0.0605,60,31.58,False,0.0228,0.0032,REBALANCE (Fri) [H1 BAGS=160 cut 2024-01-01]
2024-05-24,Fri,68549.99,BULL,-0.0089,0.4903,0.5365,0.0,60,32.19,False,-0.0147,0.0016,REBALANCE (Fri) [H1 BAGS=160 cut 2024-01-01]
2024-05-31,Fri,67540.01,BULL,-0.004,0.575,0.7549,0.0,60,45.29,False,0.0269,0.002,REBALANCE (Fri) [H1 BAGS=160 cut 2024-01-01]
2024-06-07,Fri,69355.6,BULL,-0.0124,0.5076,0.5285,0.0,60,31.71,False,-0.0477,0.002,REBALANCE (Fri) [H1 BAGS=160 cut 2024-01-01]
2024-06-14,Fri,66043.99,BULL,-0.0145,0.5129,0.5481,0.0,60,32.89,False,-0.0288,0.002,REBALANCE (Fri) [H1 BAGS=160 cut 2024-01-01]
2024-06-21,Fri,64143.56,MILD,-0.0059,0.4587,0.6499,0.0,30,19.5,False,-0.0579,0.002,REBALANCE (Fri) [H1 BAGS=160 cut 2024-01-01]
2024-06-28,Fri,60427.84,MILD,-0.0107,0.3126,0.9433,0.0,30,28.3,False,-0.0629,0.002,REBALANCE (Fri) [H1 BAGS=160 cut 2024-01-01]
2024-07-05,Fri,56628.79,BEAR,0.0019,0.7347,0.9712,0.028,15,14.57,False,0.0223,0.0025,REBALANCE (Fri) [H1 BAGS=160 cut 2024-07-01]
2024-07-12,Fri,57889.1,BEAR,0.0175,0.6129,0.8447,0.2217,15,12.67,False,0.1515,0.0351,REBALANCE (Fri) [H1 BAGS=160 cut 2024-07-01]
2024-07-19,Fri,66660.0,BULL,-0.0046,0.3359,0.9214,0.0,60,55.28,False,0.0187,0.002,REBALANCE (Fri) [H1 BAGS=160 cut 2024-07-01]
2024-07-26,Fri,67907.99,BULL,-0.0056,0.3542,0.899,0.0,60,53.94,False,-0.0944,0.002,REBALANCE (Fri) [H1 BAGS=160 cut 2024-07-01]
2024-08-02,Fri,61498.33,MILD,-0.0074,0.3783,0.8612,0.0,30,25.83,False,0.0031,0.0016,REBALANCE (Fri) [H1 BAGS=160 cut 2024-07-01]
2024-08-08,Thu,61685.99,BEAR,0.0088,0.3127,0.9432,0.1248,15,14.15,True,-0.0137,-0.0014,EMERGENCY (ret +11.9%) [H1 BAGS=160 cut 2024-07-01]
2024-08-09,Fri,60837.99,BEAR,0.0123,0.2744,0.9672,0.1786,15,14.51,False,-0.0323,-0.0041,REBALANCE (Fri) [H1 BAGS=160 cut 2024-07-01]
2024-08-16,Fri,58874.6,BEAR,0.0192,0.344,0.9121,0.2625,15,13.68,False,0.0877,0.0245,REBALANCE (Fri) [H1 BAGS=160 cut 2024-07-01]
2024-08-23,Fri,64037.24,MILD,0.0075,0.4658,0.6255,0.1413,30,18.76,False,-0.0767,-0.0092,REBALANCE (Fri) [H1 BAGS=160 cut 2024-07-01]
2024-08-30,Fri,59123.99,BEAR,0.0011,0.4242,0.757,0.0128,15,11.36,False,-0.0873,0.0008,REBALANCE (Fri) [H1 BAGS=160 cut 2024-07-01]
2024-09-06,Fri,53962.97,BEAR,0.0188,0.7112,0.9596,0.2699,15,14.39,False,0.1211,0.0341,REBALANCE (Fri) [H1 BAGS=160 cut 2024-07-01]
2024-09-13,Fri,60498.0,BEAR,0.0032,0.3123,0.9435,0.0451,15,14.15,False,0.0447,0.0039,REBALANCE (Fri) [H1 BAGS=160 cut 2024-07-01]
2024-09-20,Fri,63201.05,BEAR,0.0146,0.6408,0.8921,0.1959,15,13.38,False,0.0406,0.0096,REBALANCE (Fri) [H1 BAGS=160 cut 2024-07-01]
2024-09-27,Fri,65769.95,MILD,0.0009,0.3309,0.9267,0.0243,30,27.8,False,-0.056,0.0006,REBALANCE (Fri) [H1 BAGS=160 cut 2024-07-01]
2024-10-04,Fri,62086.0,BEAR,0.0053,0.5028,0.5106,0.0405,15,7.66,False,0.0073,0.0022,REBALANCE (Fri) [H1 BAGS=160 cut 2024-07-01]
2024-10-11,Fri,62540.0,BEAR,-0.0029,0.5332,0.6219,0.0,15,9.33,False,0.0941,0.002,REBALANCE (Fri) [H1 BAGS=160 cut 2024-07-01]
2024-10-18,Fri,68428.0,MILD,-0.0138,0.3591,0.8922,0.0,30,26.77,False,-0.0253,0.002,REBALANCE (Fri) [H1 BAGS=160 cut 2024-07-01]
2024-10-25,Fri,66698.33,MILD,-0.0164,0.2321,0.9823,0.0,30,29.47,False,0.0419,0.002,REBALANCE (Fri) [H1 BAGS=160 cut 2024-07-01]
2024-11-01,Fri,69496.01,BULL,-0.0123,0.2678,0.9702,0.0,60,58.21,False,0.0874,0.0012,REBALANCE (Fri) [H1 BAGS=160 cut 2024-07-01]
2024-11-06,Wed,75571.99,BULL,0.0101,0.5029,0.511,0.3096,60,30.66,True,0.0124,0.0044,EMERGENCY (ret +8.9%) [H1 BAGS=160 cut 2024-07-01]
2024-11-08,Fri,76509.78,BULL,0.0126,0.59,0.7941,0.6018,60,47.64,False,0.1586,0.0956,REBALANCE (Fri) [H1 BAGS=160 cut 2024-07-01]
2024-11-11,Mon,88647.99,BULL,0.0165,0.5635,0.7216,0.7146,60,43.3,True,0.0269,0.0196,EMERGENCY (ret +10.3%) [H1 BAGS=160 cut 2024-07-01]
2024-11-15,Fri,91032.07,BULL,0.0004,0.6733,0.9308,0.0199,60,55.85,False,0.0863,0.0034,REBALANCE (Fri) [H1 BAGS=160 cut 2024-07-01]
2024-11-22,Fri,98892.0,BULL,-0.0039,0.5153,0.5573,0.0,60,33.44,False,-0.0145,0.0021,REBALANCE (Fri) [H1 BAGS=160 cut 2024-07-01]
2024-11-29,Fri,97460.0,BULL,-0.0185,0.3237,0.9337,0.0,60,56.02,False,0.0234,0.0021,REBALANCE (Fri) [H1 BAGS=160 cut 2024-07-01]
2024-12-06,Fri,99740.84,BULL,-0.0181,0.2668,0.9706,0.0,60,58.24,False,0.0169,0.0022,REBALANCE (Fri) [H1 BAGS=160 cut 2024-07-01]
2024-12-13,Fri,101424.25,BULL,-0.0075,0.3754,0.8663,0.0,60,51.98,False,-0.0357,0.0023,REBALANCE (Fri) [H1 BAGS=160 cut 2024-07-01]
2024-12-20,Fri,97805.44,BULL,-0.0062,0.4567,0.6569,0.0,60,39.42,False,-0.0359,0.0018,REBALANCE (Fri) [H1 BAGS=160 cut 2024-07-01]
2024-12-27,Fri,94299.03,MILD,0.0235,0.7516,0.9775,0.6878,30,29.33,False,0.0411,0.0288,REBALANCE (Fri) [H1 BAGS=160 cut 2024-07-01]
2025-01-03,Fri,98174.18,BULL,-0.0244,0.2073,0.9878,0.0,60,59.27,False,-0.0351,0.0023,REBALANCE (Fri) [H1 BAGS=160 cut 2025-01-01]
2025-01-10,Fri,94726.11,MILD,-0.004,0.5337,0.6239,0.0,30,18.72,False,0.0987,0.0023,REBALANCE (Fri) [H1 BAGS=160 cut 2025-01-01]
2025-01-17,Fri,104077.48,BULL,0.0099,0.6814,0.9383,0.5559,60,56.3,False,0.0076,0.0052,REBALANCE (Fri) [H1 BAGS=160 cut 2025-01-01]
2025-01-24,Fri,104870.5,BULL,0.0004,0.6144,0.8476,0.0183,60,50.85,False,-0.0233,0.0019,REBALANCE (Fri) [H1 BAGS=160 cut 2025-01-01]
2025-01-31,Fri,102429.56,BULL,-0.0052,0.6129,0.8446,0.0,60,50.68,False,-0.0578,0.0025,REBALANCE (Fri) [H1 BAGS=160 cut 2025-01-01]
2025-02-07,Fri,96506.8,MILD,-0.0003,0.5116,0.5436,0.0,30,16.31,False,0.0103,0.0025,REBALANCE (Fri) [H1 BAGS=160 cut 2025-01-01]
2025-02-14,Fri,97500.48,MILD,-0.0028,0.4245,0.7564,0.0,30,22.69,False,-0.0135,0.0025,REBALANCE (Fri) [H1 BAGS=160 cut 2025-01-01]
2025-02-21,Fri,96181.98,MILD,0.0045,0.5079,0.5294,0.072,30,15.88,False,-0.123,-0.0066,REBALANCE (Fri) [H1 BAGS=160 cut 2025-01-01]
2025-02-28,Fri,84349.94,MILD,0.0189,0.7755,0.9842,0.5589,30,29.53,False,0.1176,0.0657,REBALANCE (Fri) [H1 BAGS=160 cut 2025-01-01]
2025-03-02,Sun,94270.0,MILD,-0.0012,0.4363,0.7223,0.0,30,21.67,True,-0.0854,0.0,EMERGENCY (ret +9.5%) [H1 BAGS=160 cut 2025-01-01]
2025-03-03,Mon,86220.61,MILD,-0.0018,0.4783,0.5807,0.0,30,17.42,True,0.0067,0.0015,EMERGENCY (ret -8.5%) [H1 BAGS=160 cut 2025-01-01]
2025-03-07,Fri,86801.75,MILD,-0.0081,0.4849,0.5562,0.0,30,16.69,False,-0.0325,0.0025,REBALANCE (Fri) [H1 BAGS=160 cut 2025-01-01]
2025-03-14,Fri,83983.2,MILD,0.0139,0.5454,0.664,0.2776,30,19.92,False,0.0013,0.0022,REBALANCE (Fri) [H1 BAGS=160 cut 2025-01-01]
2025-03-21,Fri,84088.79,BEAR,0.0123,0.6198,0.8579,0.1587,15,12.87,False,0.004,0.0028,REBALANCE (Fri) [H1 BAGS=160 cut 2025-01-01]
2025-03-28,Fri,84424.38,BEAR,-0.0097,0.3947,0.8291,0.0,15,12.44,False,-0.0063,0.0026,REBALANCE (Fri) [H1 BAGS=160 cut 2025-01-01]
2025-04-04,Fri,83889.87,BEAR,-0.0178,0.3006,0.9522,0.0,15,14.28,False,-0.0152,0.0016,REBALANCE (Fri) [H1 BAGS=160 cut 2025-01-01]
2025-04-09,Wed,82615.22,BEAR,-0.0288,0.1931,0.9901,0.0,15,14.85,True,0.0098,0.0011,EMERGENCY (ret +8.2%) [H1 BAGS=160 cut 2025-01-01]
2025-04-11,Fri,83423.84,BEAR,-0.0262,0.1865,0.991,0.0,15,14.87,False,0.0126,0.0021,REBALANCE (Fri) [H1 BAGS=160 cut 2025-01-01]
2025-04-18,Fri,84474.69,BEAR,-0.0025,0.528,0.6034,0.0,15,9.05,False,0.1203,0.0021,REBALANCE (Fri) [H1 BAGS=160 cut 2025-01-01]
2025-04-25,Fri,94638.68,MILD,0.0005,0.5585,0.7061,0.0115,30,21.18,False,0.0238,0.0024,REBALANCE (Fri) [H1 BAGS=160 cut 2025-01-01]
2025-05-02,Fri,96887.14,MILD,0.0075,0.4953,0.5175,0.1169,30,15.53,False,0.0628,0.0097,REBALANCE (Fri) [H1 BAGS=160 cut 2025-01-01]
2025-05-09,Fri,102971.99,MILD,0.0115,0.317,0.9396,0.3247,30,28.19,False,0.0048,0.0034,REBALANCE (Fri) [H1 BAGS=160 cut 2025-01-01]
2025-05-16,Fri,103463.9,MILD,0.0396,0.6168,0.8523,1.0,30,25.57,False,0.0373,0.0373,REBALANCE (Fri) [H1 BAGS=160 cut 2025-01-01]
2025-05-23,Fri,107318.3,BULL,0.0128,0.5347,0.6271,0.4799,60,37.63,False,-0.0311,-0.0135,REBALANCE (Fri) [H1 BAGS=160 cut 2025-01-01]
2025-05-30,Fri,103985.48,BULL,0.015,0.6652,0.9225,0.8317,60,55.35,False,0.0029,0.0029,REBALANCE (Fri) [H1 BAGS=160 cut 2025-01-01]
2025-06-06,Fri,104288.44,BULL,0.0096,0.5567,0.7006,0.4039,60,42.03,False,0.0171,0.0085,REBALANCE (Fri) [H1 BAGS=160 cut 2025-01-01]
2025-06-13,Fri,106066.59,BULL,-0.0068,0.441,0.7077,0.0,60,42.46,False,-0.0261,0.0022,REBALANCE (Fri) [H1 BAGS=160 cut 2025-01-01]
2025-06-20,Fri,103297.99,MILD,0.0023,0.6388,0.8892,0.0614,30,26.68,False,0.0363,0.0048,REBALANCE (Fri) [H1 BAGS=160 cut 2025-01-01]
2025-06-27,Fri,107047.59,BULL,0.0128,0.5464,0.6673,0.5131,60,40.04,False,0.0087,0.0058,REBALANCE (Fri) [H1 BAGS=160 cut 2025-01-01]
2025-07-04,Fri,107984.24,BULL,0.0174,0.7167,0.9627,1.0,60,57.76,False,0.0884,0.0884,REBALANCE (Fri) [H1 BAGS=160 cut 2025-07-01]
2025-07-11,Fri,117527.66,BULL,-0.016,0.2949,0.9559,0.0,60,57.35,False,0.0034,0.0028,REBALANCE (Fri) [H1 BAGS=160 cut 2025-07-01]
2025-07-18,Fri,117924.84,BULL,-0.0044,0.2283,0.9833,0.0,60,59.0,False,-0.0026,0.0028,REBALANCE (Fri) [H1 BAGS=160 cut 2025-07-01]
2025-07-25,Fri,117614.31,BULL,-0.0,0.4364,0.722,0.0,60,43.32,False,-0.0367,0.0028,REBALANCE (Fri) [H1 BAGS=160 cut 2025-07-01]
2025-08-01,Fri,113297.93,BULL,-0.0146,0.3155,0.9409,0.0,60,56.45,False,0.0298,0.0028,REBALANCE (Fri) [H1 BAGS=160 cut 2025-07-01]
2025-08-08,Fri,116674.74,BULL,-0.0153,0.3161,0.9404,0.0,60,56.42,False,0.0057,0.0028,REBALANCE (Fri) [H1 BAGS=160 cut 2025-07-01]
2025-08-15,Fri,117342.05,BULL,-0.0296,0.2265,0.9837,0.0,60,59.02,False,-0.0035,0.0028,REBALANCE (Fri) [H1 BAGS=160 cut 2025-07-01]
2025-08-22,Fri,116935.99,BULL,-0.0311,0.1819,0.9916,0.0,60,59.5,False,-0.0732,0.0028,REBALANCE (Fri) [H1 BAGS=160 cut 2025-07-01]
2025-08-29,Fri,108377.4,MILD,-0.0197,0.4671,0.621,0.0,30,18.63,False,0.0211,0.0028,REBALANCE (Fri) [H1 BAGS=160 cut 2025-07-01]
2025-09-05,Fri,110659.99,MILD,-0.0271,0.3195,0.9375,0.0,30,28.12,False,0.0485,0.0028,REBALANCE (Fri) [H1 BAGS=160 cut 2025-07-01]
2025-09-12,Fri,116029.42,BULL,-0.0211,0.3948,0.8289,0.0,60,49.74,False,-0.0034,0.0028,REBALANCE (Fri) [H1 BAGS=160 cut 2025-07-01]
2025-09-19,Fri,115632.38,BULL,-0.029,0.2957,0.9554,0.0,60,57.33,False,-0.0518,0.0028,REBALANCE (Fri) [H1 BAGS=160 cut 2025-07-01]
2025-09-26,Fri,109643.46,MILD,-0.0291,0.358,0.8938,0.0,30,26.81,False,0.1148,0.0028,REBALANCE (Fri) [H1 BAGS=160 cut 2025-07-01]
2025-10-03,Fri,122232.0,BULL,-0.0284,0.2408,0.9799,0.0,60,58.8,False,-0.0774,0.0028,REBALANCE (Fri) [H1 BAGS=160 cut 2025-07-01]
2025-10-10,Fri,112774.5,MILD,-0.0043,0.4143,0.7835,0.0,30,23.51,False,-0.0562,0.0028,REBALANCE (Fri) [H1 BAGS=160 cut 2025-07-01]
2025-10-17,Fri,106431.68,BEAR,0.0295,0.7928,0.9878,0.4367,15,14.82,False,0.043,0.0203,REBALANCE (Fri) [H1 BAGS=160 cut 2025-07-01]
2025-10-24,Fri,111004.89,MILD,-0.0144,0.3691,0.877,0.0,30,26.31,False,-0.0126,0.0028,REBALANCE (Fri) [H1 BAGS=160 cut 2025-07-01]
2025-10-31,Fri,109608.01,MILD,-0.0296,0.2808,0.964,0.0,30,28.92,False,-0.0572,0.0028,REBALANCE (Fri) [H1 BAGS=160 cut 2025-07-01]
2025-11-07,Fri,103339.08,BEAR,-0.0102,0.5047,0.5177,0.0,15,7.77,False,-0.0846,0.0028,REBALANCE (Fri) [H1 BAGS=160 cut 2025-07-01]
2025-11-14,Fri,94594.0,BEAR,0.0137,0.7773,0.9846,0.2018,15,14.77,False,-0.1001,-0.0184,REBALANCE (Fri) [H1 BAGS=160 cut 2025-07-01]
2025-11-21,Fri,85129.43,BEAR,0.0427,0.8609,0.9956,0.6382,15,14.93,False,0.0677,0.0442,REBALANCE (Fri) [H1 BAGS=160 cut 2025-07-01]
2025-11-28,Fri,90890.7,BEAR,0.0087,0.7388,0.973,0.1273,15,14.59,False,-0.0172,0.0002,REBALANCE (Fri) [H1 BAGS=160 cut 2025-07-01]
2025-12-05,Fri,89330.04,BEAR,0.0041,0.5928,0.8009,0.0497,15,12.01,False,0.0105,0.0031,REBALANCE (Fri) [H1 BAGS=160 cut 2025-07-01]
2025-12-12,Fri,90268.42,BEAR,-0.0009,0.5144,0.5536,0.0,15,8.3,False,-0.0236,0.0028,REBALANCE (Fri) [H1 BAGS=160 cut 2025-07-01]
2025-12-19,Fri,88136.94,BEAR,0.0126,0.6679,0.9254,0.1747,15,13.88,False,-0.0087,0.0003,REBALANCE (Fri) [H1 BAGS=160 cut 2025-07-01]
2025-12-26,Fri,87369.56,BEAR,0.0015,0.4939,0.5228,0.0114,15,7.84,False,0.0301,0.0025,REBALANCE (Fri) [H1 BAGS=160 cut 2025-07-01]
2026-01-02,Fri,89995.13,BEAR,0.0032,0.517,0.5634,0.0273,15,8.45,False,0.0072,0.0029,REBALANCE (Fri) [H1 BAGS=160 cut 2026-01-01]
2026-01-09,Fri,90641.28,BEAR,0.0076,0.4831,0.563,0.0639,15,8.45,False,0.0542,0.006,REBALANCE (Fri) [H1 BAGS=160 cut 2026-01-01]
2026-01-16,Fri,95550.94,BEAR,0.0184,0.6295,0.8747,0.2409,15,13.12,False,-0.0623,-0.0129,REBALANCE (Fri) [H1 BAGS=160 cut 2026-01-01]
2026-01-23,Fri,89600.26,BEAR,0.0166,0.6938,0.9482,0.2354,15,14.22,False,-0.0596,-0.0119,REBALANCE (Fri) [H1 BAGS=160 cut 2026-01-01]
2026-01-30,Fri,84260.49,BEAR,-0.007,0.5655,0.7275,0.0,15,10.91,False,-0.2534,0.0022,REBALANCE (Fri) [H1 BAGS=160 cut 2026-01-01]
2026-02-05,Thu,62909.86,BEAR,0.0385,0.8729,0.9963,0.5752,15,14.94,True,0.1219,0.0704,EMERGENCY (ret -14.0%) [H1 BAGS=160 cut 2026-01-01]
2026-02-06,Fri,70580.26,BEAR,0.0194,0.828,0.9928,0.2884,15,14.89,False,-0.0245,-0.0051,REBALANCE (Fri) [H1 BAGS=160 cut 2026-01-01]
2026-02-13,Fri,68853.96,BEAR,0.0276,0.7807,0.9854,0.4086,15,14.78,False,-0.0121,-0.004,REBALANCE (Fri) [H1 BAGS=160 cut 2026-01-01]
2026-02-20,Fri,68020.01,BEAR,0.0174,0.7312,0.9697,0.2535,15,14.55,False,-0.0316,-0.0059,REBALANCE (Fri) [H1 BAGS=160 cut 2026-01-01]
2026-02-27,Fri,65872.1,BEAR,0.0306,0.8107,0.9906,0.4541,15,14.86,False,0.034,0.017,REBALANCE (Fri) [H1 BAGS=160 cut 2026-01-01]
2026-03-06,Fri,68114.02,BEAR,0.0039,0.5984,0.814,0.0475,15,12.21,False,0.0413,0.0046,REBALANCE (Fri) [H1 BAGS=160 cut 2026-01-01]
2026-03-13,Fri,70930.0,BEAR,0.0233,0.7324,0.9703,0.3391,15,14.55,False,-0.0059,-0.0002,REBALANCE (Fri) [H1 BAGS=160 cut 2026-01-01]
2026-03-20,Fri,70510.73,BEAR,0.0137,0.7037,0.955,0.1964,15,14.33,False,-0.0582,-0.0092,REBALANCE (Fri) [H1 BAGS=160 cut 2026-01-01]
2026-03-27,Fri,66407.28,BEAR,0.0212,0.8229,0.9922,0.3149,15,14.88,False,0.0084,0.0041,REBALANCE (Fri) [H1 BAGS=160 cut 2026-01-01]
2026-04-03,Fri,66964.3,BEAR,0.0398,0.9135,0.998,0.5954,15,14.97,False,0.0896,0.0544,REBALANCE (Fri) [H1 BAGS=160 cut 2026-01-01]
2026-04-10,Fri,72962.7,BEAR,0.0316,0.8692,0.9961,0.4719,15,14.94,False,0.0563,0.028,REBALANCE (Fri) [H1 BAGS=160 cut 2026-01-01]
2026-04-17,Fri,77072.0,BEAR,0.017,0.7433,0.9747,0.2482,15,14.62,False,0.0047,0.0028,REBALANCE (Fri) [H1 BAGS=160 cut 2026-01-01]
2026-04-24,Fri,77437.13,BEAR,0.016,0.7005,0.9529,0.2284,15,14.29,False,0.0103,0.004,REBALANCE (Fri) [H1 BAGS=160 cut 2026-01-01]
2026-05-01,Fri,78231.13,BEAR,0.0124,0.619,0.8563,0.1595,15,12.84,False,0.0251,0.0062,REBALANCE (Fri) [H1 BAGS=160 cut 2026-01-01] [BACKFILLED 2026-05-04]
2026-05-08,Fri,80193.17,BEAR,0.0168,0.657,0.9133,0.2303,15,13.7,False,-0.0135,-0.001,REBALANCE (Fri) [H1 BAGS=160 cut 2026-01-01] [BACKFILLED 2026-05-11]
2026-05-15,Fri,79113.21,BEAR,0.0265,0.7438,0.9748,0.3876,15,14.62,False,-0.0452,-0.0159,REBALANCE (Fri) [H1 BAGS=160 cut 2026-01-01] [BACKFILLED 2026-05-18]
2026-05-22,Fri,75539.5,BEAR,0.0111,0.6804,0.9374,0.1562,15,14.06,False,-0.0275,-0.002,REBALANCE (Fri) [H1 BAGS=160 cut 2026-01-01] [BACKFILLED 2026-05-25]
2026-05-29,Fri,73460.78,BEAR,0.0129,0.7334,0.9707,0.1871,15,14.56,False,-0.1689,-0.0303,REBALANCE (Fri) [H1 BAGS=160 cut 2026-01-01] [BACKFILLED 2026-06-07]
2026-06-05,Fri,61056.47,BEAR,0.0396,0.8732,0.9963,0.5924,15,14.94,False,0.0413,0.0256,REBALANCE (Fri) [H1 BAGS=160 cut 2026-01-01] [BACKFILLED 2026-06-07]
2026-06-12,Fri,63580.01,BEAR,0.0301,0.8463,0.8496,0.3835,15,12.74,False,-0.0006,0.0014,REBALANCE (Fri) [H1 BAGS=160 cut 2026-01-01] [BACKFILLED 2026-06-15]
2026-06-19,Fri,63543.91,BEAR,0.0251,0.7657,0.7906,0.2973,15,11.86,False,-0.0542,-0.0143,REBALANCE (Fri) [H1 BAGS=160 cut 2026-01-01] [BACKFILLED 2026-06-22]
2026-06-26,Fri,60097.27,BEAR,0.0155,0.6893,0.7204,0.1675,15,10.81,False,0.0414,0.0091,REBALANCE (Fri) [H1 BAGS=160 cut 2026-01-01] [BACKFILLED 2026-06-29]
2026-07-03,Fri,62583.26,BEAR,-0.0028,0.5075,0.5094,0.0,15,7.64,False,0.0252,0.0027,REBALANCE (Fri) [H1 BAGS=160 cut 2026-07-02] [BACKFILLED 2026-07-06]
2026-07-10,Fri,64161.72,BEAR,0.001,0.4884,0.5145,0.008,15,7.72,False,,,REBALANCE (Fri) [H1 BAGS=160 cut 2026-07-05] [BACKFILLED 2026-07-15]
