date,yield_curve_2s10s,high_yield_spread,breakeven_10y,fed_balance_sheet,m2_supply
2019-01-01,,,,,
2019-01-02,0.16,5.35,1.7,4058378.0,
2019-01-03,0.17,5.44,1.68,,
2019-01-04,0.17,5.05,1.76,,
2019-01-07,0.17,4.83,1.78,,14574.7
2019-01-08,0.15,4.65,1.82,,
2019-01-09,0.18,4.52,1.83,4056563.0,
2019-01-10,0.18,4.54,1.81,,
2019-01-11,0.16,4.55,1.83,,
2019-01-14,0.18,4.6,1.81,,14527.2
2019-01-15,0.19,4.55,1.81,,
2019-01-16,0.18,4.44,1.82,4050044.0,
2019-01-17,0.19,4.4,1.79,,
2019-01-18,0.17,4.27,1.83,,
2019-01-21,,4.27,,,14435.7
2019-01-22,0.16,4.41,1.79,,
2019-01-23,0.18,4.39,1.8,4047052.0,
2019-01-24,0.16,4.45,1.77,,
2019-01-25,0.16,4.34,1.79,,
2019-01-28,0.15,4.41,1.78,,14365.6
2019-01-29,0.16,4.4,1.78,,
2019-01-30,0.18,4.36,1.84,4039678.0,
2019-01-31,0.18,4.37,1.85,,
2019-02-01,0.18,4.29,1.88,,
2019-02-04,0.2,4.25,1.87,,14430.2
2019-02-05,0.18,4.15,1.87,,
2019-02-06,0.18,4.13,1.86,4026350.0,
2019-02-07,0.17,4.29,1.84,,
2019-02-08,0.18,4.32,1.82,,
2019-02-11,0.17,4.28,1.82,,14434.7
2019-02-12,0.18,4.17,1.83,,
2019-02-13,0.18,4.12,1.86,4028431.0,
2019-02-14,0.16,4.17,1.85,,
2019-02-15,0.14,4.12,1.86,,
2019-02-18,,4.12,,,14435.0
2019-02-19,0.15,4.11,1.87,,
2019-02-20,0.15,4.08,1.89,3981420.0,
2019-02-21,0.16,4.04,1.91,,
2019-02-22,0.17,4.05,1.91,,
2019-02-25,0.16,4.0,1.92,,14415.3
2019-02-26,0.16,4.01,1.92,,
2019-02-27,0.19,3.94,1.93,3974590.0,
2019-02-28,0.21,3.92,1.95,,
2019-03-01,0.21,3.86,1.96,,
2019-03-04,0.17,3.9,1.94,,14560.8
2019-03-05,0.17,3.91,1.93,,
2019-03-06,0.17,3.98,1.91,3969134.0,
2019-03-07,0.17,4.1,1.9,,
2019-03-08,0.17,4.18,1.9,,
2019-03-11,0.17,4.12,1.91,,14603.4
2019-03-12,0.16,4.08,1.9,,
2019-03-13,0.16,3.99,1.92,3971559.0,
2019-03-14,0.17,3.95,1.94,,
2019-03-15,0.16,3.95,1.94,,
2019-03-18,0.15,3.95,1.96,,14613.4
2019-03-19,0.15,3.91,1.95,,
2019-03-20,0.14,3.97,1.96,3962748.0,
2019-03-21,0.13,3.92,1.96,,
2019-03-22,0.13,4.03,1.9,,
2019-03-25,0.17,4.13,1.88,,14574.5
2019-03-26,0.17,4.09,1.86,,
2019-03-27,0.17,4.09,1.84,3955617.0,
2019-03-28,0.16,4.08,1.83,,
2019-03-29,0.14,3.99,1.88,,
2019-03-31,,4.05,,,
2019-04-01,0.16,3.94,1.9,,14694.4
2019-04-02,0.18,3.95,1.9,,
2019-04-03,0.19,3.9,1.91,3935509.0,
2019-04-04,0.18,3.9,1.9,,
2019-04-05,0.15,3.86,1.9,,
2019-04-08,0.16,3.84,1.91,,14742.4
2019-04-09,0.16,3.86,1.91,,
2019-04-10,0.17,3.86,1.94,3936784.0,
2019-04-11,0.16,3.79,1.94,,
2019-04-12,0.16,3.68,1.95,,
2019-04-15,0.15,3.68,1.94,,14764.9
2019-04-16,0.19,3.64,1.96,,
2019-04-17,0.19,3.67,1.94,3931827.0,
2019-04-18,0.19,3.73,1.95,,
2019-04-19,,,,,
2019-04-22,0.21,3.73,1.95,,14631.5
2019-04-23,0.21,3.72,1.95,,
2019-04-24,0.21,3.73,1.96,3928273.0,
2019-04-25,0.21,3.75,1.98,,
2019-04-26,0.23,3.76,1.97,,
2019-04-29,0.24,3.73,1.96,,14517.5
2019-04-30,0.24,3.73,1.95,,
2019-05-01,0.21,3.71,1.93,3889691.0,
2019-05-02,0.2,3.74,1.89,,
2019-05-03,0.21,3.72,1.91,,
2019-05-06,0.2,3.82,1.91,,14595.3
2019-05-07,0.17,3.89,1.87,,
2019-05-08,0.19,3.87,1.87,3892216.0,
2019-05-09,0.19,3.99,1.85,,
2019-05-10,0.21,4.01,1.88,,
2019-05-13,0.22,4.2,1.85,,14593.7
2019-05-14,0.22,4.13,1.86,,
2019-05-15,0.21,4.17,1.83,3864749.0,
2019-05-16,0.2,4.06,1.84,,
2019-05-17,0.19,4.07,1.81,,
2019-05-20,0.2,4.06,1.81,,14619.3
2019-05-21,0.17,3.99,1.83,,
2019-05-22,0.16,4.03,1.79,3860435.0,
2019-05-23,0.19,4.22,1.73,,
2019-05-24,0.16,4.16,1.76,,
2019-05-27,,4.16,,,14608.9
2019-05-28,0.14,4.19,1.73,,
2019-05-29,0.16,4.36,1.75,3851444.0,
2019-05-30,0.16,4.33,1.74,,
2019-05-31,0.19,4.59,1.74,,
2019-06-03,0.25,4.7,1.73,,14741.0
2019-06-04,0.24,4.53,1.74,,
2019-06-05,0.29,4.48,1.75,3847645.0,
2019-06-06,0.24,4.42,1.73,,
2019-06-07,0.24,4.37,1.74,,
2019-06-10,0.25,4.23,1.73,,14782.8
2019-06-11,0.22,4.2,1.72,,
2019-06-12,0.25,4.22,1.71,3849955.0,
2019-06-13,0.27,4.24,1.68,,
2019-06-14,0.25,4.23,1.63,,
2019-06-17,0.23,4.23,1.61,,14823.7
2019-06-18,0.2,4.14,1.64,,
2019-06-19,0.29,4.16,1.67,3844016.0,
2019-06-20,0.29,4.03,1.74,,
2019-06-21,0.3,3.95,1.73,,
2019-06-24,0.3,4.0,1.71,,14703.6
2019-06-25,0.29,4.09,1.67,,
2019-06-26,0.28,4.05,1.7,3826817.0,
2019-06-27,0.27,4.09,1.68,,
2019-06-28,0.25,4.07,1.69,,
2019-06-30,,4.07,,,
2019-07-01,0.25,3.99,1.69,,14823.1
2019-07-02,0.21,4.04,1.65,,
2019-07-03,0.19,4.02,1.65,3813198.0,
2019-07-04,,4.02,,,
2019-07-05,0.17,3.98,1.69,,
2019-07-08,0.17,4.0,1.7,,14899.6
2019-07-09,0.15,4.03,1.71,,
2019-07-10,0.25,4.01,1.74,3815038.0,
2019-07-11,0.28,4.0,1.77,,
2019-07-12,0.28,4.02,1.77,,
2019-07-15,0.26,4.0,1.77,,14856.0
2019-07-16,0.26,3.96,1.8,,
2019-07-17,0.23,4.01,1.75,3808110.0,
2019-07-18,0.27,4.11,1.79,,
2019-07-19,0.25,4.07,1.8,,
2019-07-22,0.25,4.06,1.79,,14824.1
2019-07-23,0.25,3.99,1.81,,
2019-07-24,0.22,3.98,1.79,3803436.0,
2019-07-25,0.22,3.93,1.8,,
2019-07-26,0.22,3.89,1.78,,
2019-07-29,0.21,3.93,1.77,,14836.5
2019-07-30,0.21,3.97,1.78,,
2019-07-31,0.13,3.93,1.76,3779102.0,
2019-08-01,0.17,4.1,1.7,,
2019-08-02,0.14,4.19,1.66,,
2019-08-05,0.16,4.53,1.6,,14970.9
2019-08-06,0.13,4.46,1.62,,
2019-08-07,0.12,4.52,1.62,3781543.0,
2019-08-08,0.1,4.31,1.65,,
2019-08-09,0.11,4.31,1.66,,
2019-08-12,0.07,4.4,1.61,,14954.3
2019-08-13,0.02,4.25,1.63,,
2019-08-14,0.01,4.49,1.57,3786018.0,
2019-08-15,0.04,4.52,1.54,,
2019-08-16,0.07,4.47,1.54,,
2019-08-19,0.07,4.36,1.56,,14941.5
2019-08-20,0.05,4.35,1.53,,
2019-08-21,0.03,4.21,1.54,3764866.0,
2019-08-22,0.01,4.16,1.55,,
2019-08-23,0.01,4.25,1.54,,
2019-08-26,0.0,4.22,1.54,,14879.9
2019-08-27,-0.04,4.19,1.55,,
2019-08-28,-0.03,4.17,1.55,3759946.0,
2019-08-29,-0.03,4.08,1.59,,
2019-08-30,0.0,4.09,1.55,,
2019-08-31,,4.13,,,
2019-09-02,,4.13,,,14995.0
2019-09-03,0.0,4.23,1.5,,
2019-09-04,0.04,4.23,1.51,3761508.0,
2019-09-05,0.02,4.07,1.56,,
2019-09-06,0.02,4.05,1.54,,
2019-09-09,0.05,3.99,1.57,,15046.5
2019-09-10,0.05,3.9,1.6,,
2019-09-11,0.07,3.92,1.6,3769673.0,
2019-09-12,0.07,3.85,1.63,,
2019-09-13,0.11,3.83,1.67,,
2019-09-16,0.1,3.8,1.67,,15052.4
2019-09-17,0.09,3.81,1.66,,
2019-09-18,0.03,3.82,1.59,3844695.0,
2019-09-19,0.05,3.77,1.61,,
2019-09-20,0.05,3.81,1.61,,
2019-09-23,0.04,3.84,1.61,,14983.9
2019-09-24,0.04,3.9,1.58,,
2019-09-25,0.05,3.91,1.6,3857715.0,
2019-09-26,0.04,3.95,1.57,,
2019-09-27,0.06,3.99,1.53,,
2019-09-30,0.05,4.02,1.53,,15064.1
2019-10-01,0.09,4.08,1.52,,
2019-10-02,0.12,4.28,1.5,3945831.0,
2019-10-03,0.15,4.4,1.48,,
2019-10-04,0.12,4.38,1.5,,
2019-10-07,0.1,4.31,1.51,,15164.3
2019-10-08,0.12,4.39,1.48,,
2019-10-09,0.12,4.32,1.49,3949955.0,
2019-10-10,0.14,4.26,1.52,,
2019-10-11,0.13,4.1,1.56,,
2019-10-14,,4.08,,,15175.8
2019-10-15,0.16,4.01,1.56,,
2019-10-16,0.17,4.01,1.57,3966471.0,
2019-10-17,0.16,4.0,1.59,,
2019-10-18,0.18,4.02,1.6,,
2019-10-21,0.18,3.98,1.61,,15166.5
2019-10-22,0.18,3.99,1.61,,
2019-10-23,0.19,3.98,1.61,3968700.0,
2019-10-24,0.19,3.96,1.62,,
2019-10-25,0.17,3.89,1.65,,
2019-10-28,0.21,3.85,1.64,,15127.1
2019-10-29,0.2,3.86,1.61,,
2019-10-30,0.17,3.96,1.57,4019823.0,
2019-10-31,0.17,4.15,1.54,,
2019-11-01,0.17,4.09,1.59,,
2019-11-04,0.19,3.99,1.64,,15268.7
2019-11-05,0.23,3.97,1.68,,
2019-11-06,0.2,4.02,1.66,4039443.0,
2019-11-07,0.24,3.96,1.69,,
2019-11-08,0.26,4.0,1.71,,
2019-11-11,,3.99,,,15271.4
2019-11-12,0.26,4.0,1.7,,
2019-11-13,0.25,4.05,1.66,4047882.0,
2019-11-14,0.24,4.08,1.62,,
2019-11-15,0.23,4.06,1.63,,
2019-11-18,0.21,4.09,1.63,,15330.3
2019-11-19,0.19,4.12,1.63,,
2019-11-20,0.17,4.18,1.6,4030249.0,
2019-11-21,0.17,4.17,1.63,,
2019-11-22,0.16,4.13,1.62,,
2019-11-25,0.15,4.08,1.62,,15279.9
2019-11-26,0.16,4.05,1.62,,
2019-11-27,0.14,3.99,1.63,4052875.0,
2019-11-28,,,,,
2019-11-29,0.17,4.01,1.61,,
2019-11-30,,4.02,,,
2019-12-02,0.22,4.03,1.65,,15374.7
2019-12-03,0.19,4.14,1.63,,
2019-12-04,0.19,4.02,1.66,4065696.0,
2019-12-05,0.22,4.0,1.67,,
2019-12-06,0.23,3.89,1.69,,
2019-12-09,0.2,3.88,1.69,,15384.4
2019-12-10,0.2,3.84,1.71,,
2019-12-11,0.18,3.83,1.69,4095491.0,
2019-12-12,0.24,3.7,1.72,,
2019-12-13,0.21,3.71,1.7,,
2019-12-16,0.24,3.62,1.73,,15475.1
2019-12-17,0.26,3.58,1.75,,
2019-12-18,0.29,3.51,1.76,4137052.0,
2019-12-19,0.3,3.54,1.77,,
2019-12-20,0.29,3.53,1.77,,
2019-12-23,0.29,3.52,1.75,,15487.5
2019-12-24,0.28,3.53,1.75,,
2019-12-25,,,,4165591.0,
2019-12-26,0.26,3.53,1.74,,
2019-12-27,0.29,3.56,1.73,,
2019-12-30,0.32,3.6,1.75,,15498.5
2019-12-31,0.34,3.6,1.77,,
2020-01-01,,,,4173626.0,
2020-01-02,0.3,3.56,1.8,,
2020-01-03,0.27,3.61,1.77,,
2020-01-06,0.27,3.57,1.75,,15530.5
2020-01-07,0.29,3.54,1.74,,
2020-01-08,0.29,3.5,1.75,4149544.0,
2020-01-09,0.27,3.49,1.74,,
2020-01-10,0.27,3.48,1.76,,
2020-01-13,0.27,3.48,1.77,,15500.0
2020-01-14,0.24,3.45,1.77,,
2020-01-15,0.23,3.44,1.75,4175850.0,
2020-01-16,0.23,3.42,1.74,,
2020-01-17,0.26,3.39,1.75,,
2020-01-20,,3.38,,,15454.4
2020-01-21,0.25,3.47,1.74,,
2020-01-22,0.24,3.49,1.72,4145912.0,
2020-01-23,0.23,3.58,1.7,,
2020-01-24,0.21,3.68,1.68,,
2020-01-27,0.17,4.03,1.63,,15342.8
2020-01-28,0.2,3.86,1.65,,
2020-01-29,0.18,3.83,1.64,4151630.0,
2020-01-30,0.16,3.95,1.64,,
2020-01-31,0.18,4.03,1.65,,
2020-02-03,0.18,3.97,1.63,,15407.7
2020-02-04,0.2,3.85,1.64,,
2020-02-05,0.22,3.75,1.66,4166707.0,
2020-02-06,0.21,3.7,1.67,,
2020-02-07,0.18,3.75,1.66,,
2020-02-10,0.19,3.75,1.66,,15412.0
2020-02-11,0.18,3.65,1.65,,
2020-02-12,0.18,3.59,1.66,4182689.0,
2020-02-13,0.17,3.57,1.67,,
2020-02-14,0.17,3.56,1.66,,
2020-02-17,,3.56,,,15444.5
2020-02-18,0.14,3.61,1.65,,
2020-02-19,0.14,3.57,1.65,4171570.0,
2020-02-20,0.13,3.62,1.63,,
2020-02-21,0.12,3.66,1.61,,
2020-02-24,0.12,4.03,1.59,,15380.3
2020-02-25,0.13,4.18,1.53,,
2020-02-26,0.17,4.27,1.54,4158637.0,
2020-02-27,0.19,4.62,1.53,,
2020-02-28,0.27,5.04,1.41,,
2020-02-29,,5.06,,,
2020-03-02,0.26,4.97,1.41,,15541.1
2020-03-03,0.31,4.84,1.45,,
2020-03-04,0.35,4.75,1.46,4241507.0,
2020-03-05,0.33,5.05,1.4,,
2020-03-06,0.25,5.64,1.31,,
2020-03-09,0.16,6.68,0.99,,15677.5
2020-03-10,0.26,6.38,1.0,,
2020-03-11,0.32,6.61,0.96,4311911.0,
2020-03-12,0.38,7.42,0.92,,
2020-03-13,0.45,7.31,0.9,,
2020-03-16,0.37,8.38,0.73,,15871.7
2020-03-17,0.55,8.41,0.63,,
2020-03-18,0.64,9.04,0.63,4668212.0,
2020-03-19,0.68,9.82,0.5,,
2020-03-20,0.55,10.09,0.75,,
2020-03-23,0.48,10.87,0.8,,16242.8
2020-03-24,0.46,10.55,0.97,,
2020-03-25,0.54,10.11,1.07,5254278.0,
2020-03-26,0.53,9.29,1.07,,
2020-03-27,0.47,8.99,0.94,,
2020-03-30,0.47,8.82,0.95,,16662.4
2020-03-31,0.47,8.77,0.87,,
2020-04-01,0.39,9.11,0.91,5811607.0,
2020-04-02,0.4,9.17,1.03,,
2020-04-03,0.39,9.43,1.08,,
2020-04-06,0.4,9.26,1.14,,16821.6
2020-04-07,0.47,8.88,1.17,,
2020-04-08,0.5,8.81,1.19,6083141.0,
2020-04-09,0.5,7.96,1.23,,
2020-04-10,,,,,
2020-04-13,0.51,7.7,1.26,,16968.0
2020-04-14,0.53,7.35,1.29,,
2020-04-15,0.43,7.64,1.19,6367887.0,
2020-04-16,0.41,7.58,1.03,,
2020-04-17,0.45,7.31,1.01,,
2020-04-20,0.43,7.52,0.94,,17229.1
2020-04-21,0.38,7.9,0.96,,
2020-04-22,0.41,7.85,1.06,6573136.0,
2020-04-23,0.39,7.87,1.05,,
2020-04-24,0.38,8.03,1.11,,
2020-04-27,0.43,8.01,1.17,,17368.0
2020-04-28,0.42,8.02,1.14,,
2020-04-29,0.43,7.87,1.14,6655929.0,
2020-04-30,0.44,7.63,1.07,,
2020-05-01,0.44,7.7,1.06,,
2020-05-04,0.45,7.79,1.07,,17585.8
2020-05-05,0.47,7.6,1.1,,
2020-05-06,0.55,7.6,1.1,6721420.0,
2020-05-07,0.5,7.6,1.08,,
2020-05-08,0.53,7.52,1.12,,
2020-05-11,0.56,7.51,1.13,,17723.5
2020-05-12,0.52,7.42,1.09,,
2020-05-13,0.48,7.61,1.07,6934227.0,
2020-05-14,0.47,7.77,1.06,,
2020-05-15,0.48,7.78,1.09,,
2020-05-18,0.55,7.41,1.17,,17856.0
2020-05-19,0.53,7.35,1.15,,
2020-05-20,0.52,7.16,1.16,7037258.0,
2020-05-21,0.51,7.08,1.14,,
2020-05-22,0.49,7.06,1.12,,
2020-05-25,,7.06,,,17830.7
2020-05-26,0.51,6.75,1.13,,
2020-05-27,0.49,6.7,1.14,7097316.0,
2020-05-28,0.53,6.6,1.18,,
2020-05-29,0.49,6.71,1.15,,
2020-05-31,,6.54,,,
2020-06-01,0.52,6.43,1.18,,17961.7
2020-06-02,0.51,6.18,1.18,,
2020-06-03,0.58,5.8,1.21,7165217.0,
2020-06-04,0.63,5.83,1.22,,
2020-06-05,0.69,5.5,1.27,,
2020-06-08,0.66,5.51,1.28,,18073.5
2020-06-09,0.64,5.75,1.26,,
2020-06-10,0.58,5.92,1.27,7168936.0,
2020-06-11,0.47,6.4,1.21,,
2020-06-12,0.52,6.28,1.21,,
2020-06-15,0.52,6.25,1.23,,18161.8
2020-06-16,0.54,5.78,1.27,,
2020-06-17,0.55,5.85,1.26,7094690.0,
2020-06-18,0.52,6.01,1.28,,
2020-06-19,0.51,6.02,1.3,,
2020-06-22,0.52,6.03,1.34,,18152.1
2020-06-23,0.54,6.02,1.38,,
2020-06-24,0.5,6.23,1.33,7082302.0,
2020-06-25,0.51,6.3,1.33,,
2020-06-26,0.47,6.41,1.32,,
2020-06-29,0.48,6.52,1.34,,18206.4
2020-06-30,0.5,6.44,1.34,,
2020-07-01,0.52,6.33,1.37,7009040.0,
2020-07-02,0.52,6.17,1.41,,
2020-07-03,,6.17,,,
2020-07-06,0.53,6.03,1.45,,18389.6
2020-07-07,0.49,6.04,1.43,,
2020-07-08,0.51,6.06,1.42,6920716.0,
2020-07-09,0.46,6.14,1.39,,
2020-07-10,0.49,6.14,1.41,,
2020-07-13,0.48,6.01,1.42,,18392.4
2020-07-14,0.49,6.03,1.41,,
2020-07-15,0.48,5.81,1.41,6958604.0,
2020-07-16,0.46,5.76,1.41,,
2020-07-17,0.5,5.74,1.46,,
2020-07-20,0.46,5.54,1.46,,18290.1
2020-07-21,0.47,5.33,1.48,,
2020-07-22,0.46,5.28,1.48,6964755.0,
2020-07-23,0.43,5.26,1.49,,
2020-07-24,0.45,5.29,1.51,,
2020-07-27,0.47,5.24,1.52,,18157.9
2020-07-28,0.45,5.27,1.51,,
2020-07-29,0.46,5.15,1.53,6949032.0,
2020-07-30,0.44,5.14,1.52,,
2020-07-31,0.44,5.16,1.55,,
2020-08-03,0.45,5.08,1.58,,18269.7
2020-08-04,0.41,5.13,1.57,,
2020-08-05,0.44,5.04,1.61,6945237.0,
2020-08-06,0.44,5.06,1.63,,
2020-08-07,0.44,5.06,1.61,,
2020-08-10,0.45,5.09,1.61,,18336.1
2020-08-11,0.48,5.03,1.63,,
2020-08-12,0.53,5.1,1.67,6957277.0,
2020-08-13,0.55,5.16,1.67,,
2020-08-14,0.57,5.26,1.65,,
2020-08-17,0.55,5.29,1.66,,18405.5
2020-08-18,0.53,5.26,1.68,,
2020-08-19,0.54,5.25,1.67,7010637.0,
2020-08-20,0.52,5.28,1.62,,
2020-08-21,0.48,5.25,1.64,,
2020-08-24,0.51,5.17,1.67,,18305.9
2020-08-25,0.54,5.07,1.7,,
2020-08-26,0.53,5.02,1.72,6990418.0,
2020-08-27,0.58,4.98,1.73,,
2020-08-28,0.6,5.0,1.77,,
2020-08-31,0.58,5.02,1.8,,18425.0
2020-09-01,0.55,4.97,1.76,,
2020-09-02,0.52,4.93,1.73,7017492.0,
2020-09-03,0.5,5.04,1.65,,
2020-09-04,0.58,5.13,1.7,,
2020-09-07,,5.13,,,18560.3
2020-09-08,0.55,5.25,1.68,,
2020-09-09,0.57,5.16,1.71,7010614.0,
2020-09-10,0.54,5.16,1.69,,
2020-09-11,0.54,5.21,1.65,,
2020-09-14,0.54,5.18,1.65,,18644.0
2020-09-15,0.54,5.14,1.67,,
2020-09-16,0.55,5.07,1.68,7064475.0,
2020-09-17,0.56,5.14,1.66,,
2020-09-18,0.56,5.16,1.67,,
2020-09-21,0.54,5.42,1.62,,18596.3
2020-09-22,0.55,5.45,1.62,,
2020-09-23,0.54,5.47,1.6,7093161.0,
2020-09-24,0.53,5.64,1.58,,
2020-09-25,0.54,5.64,1.58,,
2020-09-28,0.53,5.52,1.61,,18533.7
2020-09-29,0.55,5.5,1.64,,
2020-09-30,0.56,5.41,1.63,7056129.0,
2020-10-01,0.54,5.36,1.63,,
2020-10-02,0.57,5.38,1.64,,
2020-10-05,0.64,5.18,1.68,,18677.4
2020-10-06,0.62,5.06,1.66,,
2020-10-07,0.65,5.02,1.71,7074649.0,
2020-10-08,0.65,4.97,1.72,,
2020-10-09,0.63,4.92,1.73,,
2020-10-12,,4.92,,,18689.8
2020-10-13,0.58,4.88,1.7,,
2020-10-14,0.59,4.89,1.69,7151426.0,
2020-10-15,0.6,5.01,1.69,,
2020-10-16,0.62,4.94,1.71,,
2020-10-19,0.62,4.91,1.71,,18745.3
2020-10-20,0.67,4.9,1.72,,
2020-10-21,0.69,4.91,1.74,7177265.0,
2020-10-22,0.71,4.88,1.76,,
2020-10-23,0.67,4.87,1.75,,
2020-10-26,0.65,5.03,1.72,,18683.2
2020-10-27,0.63,5.06,1.71,,
2020-10-28,0.63,5.29,1.7,7146306.0,
2020-10-29,0.69,5.25,1.71,,
2020-10-30,0.74,5.25,1.7,,
2020-10-31,,5.32,,,
2020-11-02,0.71,5.25,1.71,,18870.9
2020-11-03,0.73,5.07,1.72,,
2020-11-04,0.64,4.79,1.64,7157479.0,
2020-11-05,0.65,4.59,1.66,,
2020-11-06,0.67,4.67,1.65,,
2020-11-09,0.79,4.22,1.73,,18951.0
2020-11-10,0.79,4.37,1.76,,
2020-11-11,,4.37,,7175417.0,
2020-11-12,0.71,4.62,1.71,,
2020-11-13,0.72,4.63,1.72,,
2020-11-16,0.72,4.5,1.72,,19033.9
2020-11-17,0.69,4.48,1.7,,
2020-11-18,0.72,4.42,1.7,7243080.0,
2020-11-19,0.68,4.48,1.7,,
2020-11-20,0.67,4.49,1.69,,
2020-11-23,0.7,4.43,1.71,,19008.7
2020-11-24,0.72,4.31,1.74,,
2020-11-25,0.71,4.33,1.75,7216480.0,
2020-11-26,,4.33,,,
2020-11-27,0.68,4.35,1.75,,
2020-11-30,0.68,4.33,1.77,,19088.7
2020-12-01,0.75,4.21,1.81,,
2020-12-02,0.79,4.17,1.85,7222414.0,
2020-12-03,0.76,4.1,1.86,,
2020-12-04,0.81,4.03,1.89,,
2020-12-07,0.8,4.03,1.88,,19194.5
2020-12-08,0.78,4.03,1.89,,
2020-12-09,0.79,4.04,1.91,7242658.0,
2020-12-10,0.78,4.08,1.88,,
2020-12-11,0.79,4.13,1.87,,
2020-12-14,0.77,4.07,1.88,,19243.7
2020-12-15,0.81,4.06,1.91,,
2020-12-16,0.79,4.06,1.92,7362592.0,
2020-12-17,0.81,4.05,1.94,,
2020-12-18,0.82,4.03,1.95,,
2020-12-21,0.82,4.18,1.95,,19297.1
2020-12-22,0.8,4.12,1.94,,
2020-12-23,0.83,4.07,1.97,7404039.0,
2020-12-24,0.81,4.05,1.97,,
2020-12-25,,,,,
2020-12-28,0.81,3.89,1.97,,19328.2
2020-12-29,0.82,3.85,1.96,,
2020-12-30,0.81,3.87,1.96,7363351.0,
2020-12-31,0.8,3.86,1.99,,
2021-01-01,,,,,
2021-01-04,0.82,3.93,2.01,,19399.0
2021-01-05,0.83,3.92,2.03,,
2021-01-06,0.9,3.8,2.06,7334809.0,
2021-01-07,0.94,3.78,2.09,,
2021-01-08,0.99,3.76,2.06,,
2021-01-11,1.01,3.82,2.06,,19459.6
2021-01-12,1.01,3.85,2.08,,
2021-01-13,0.96,3.82,2.06,7333968.0,
2021-01-14,0.99,3.73,2.09,,
2021-01-15,0.98,3.74,2.1,,
2021-01-18,,3.73,,,19429.7
2021-01-19,0.96,3.71,2.1,,
2021-01-20,0.97,3.67,2.12,7414942.0,
2021-01-21,0.99,3.65,2.1,,
2021-01-22,0.97,3.75,2.09,,
2021-01-25,0.92,3.75,2.08,,19310.4
2021-01-26,0.94,3.74,2.08,,
2021-01-27,0.92,3.85,2.08,7404926.0,
2021-01-28,0.95,3.76,2.13,,
2021-01-29,1.0,3.79,2.13,,
2021-01-31,,3.84,,,
2021-02-01,0.98,3.83,2.11,,19414.6
2021-02-02,1.01,3.75,2.15,,
2021-02-03,1.04,3.68,2.19,7410598.0,
2021-02-04,1.04,3.64,2.17,,
2021-02-05,1.1,3.58,2.21,,
2021-02-08,1.08,3.54,2.22,,19447.9
2021-02-09,1.07,3.51,2.22,,
2021-02-10,1.04,3.51,2.21,7442225.0,
2021-02-11,1.05,3.5,2.2,,
2021-02-12,1.09,3.48,2.21,,
2021-02-15,,3.47,,,19554.9
2021-02-16,1.17,3.41,2.24,,
2021-02-17,1.18,3.44,2.21,7557402.0,
2021-02-18,1.18,3.46,2.16,,
2021-02-19,1.23,3.41,2.14,,
2021-02-22,1.26,3.44,2.16,,19564.7
2021-02-23,1.26,3.47,2.16,,
2021-02-24,1.26,3.42,2.17,7590111.0,
2021-02-25,1.37,3.42,2.14,,
2021-02-26,1.3,3.52,2.15,,
2021-02-28,,3.57,,,
2021-03-01,1.32,3.54,2.16,,19651.1
2021-03-02,1.29,3.53,2.2,,
2021-03-03,1.33,3.51,2.21,7557524.0,
2021-03-04,1.4,3.54,2.2,,
2021-03-05,1.42,3.6,2.22,,
2021-03-08,1.42,3.57,2.21,,19742.6
2021-03-09,1.38,3.62,2.21,,
2021-03-10,1.37,3.63,2.26,7579901.0,
2021-03-11,1.4,3.52,2.28,,
2021-03-12,1.5,3.55,2.26,,
2021-03-15,1.48,3.55,2.27,,19879.3
2021-03-16,1.47,3.55,2.3,,
2021-03-17,1.5,3.65,2.3,7693506.0,
2021-03-18,1.55,3.66,2.27,,
2021-03-19,1.58,3.67,2.31,,
2021-03-22,1.54,3.58,2.33,,20056.0
2021-03-23,1.48,3.57,2.29,,
2021-03-24,1.48,3.51,2.31,7719622.0,
2021-03-25,1.49,3.53,2.32,,
2021-03-26,1.53,3.48,2.34,,
2021-03-29,1.59,3.43,2.36,,20129.4
2021-03-30,1.57,3.44,2.35,,
2021-03-31,1.58,3.36,2.37,7688988.0,
2021-04-01,1.52,3.33,2.35,,
2021-04-02,1.53,,2.36,,
2021-04-05,1.56,3.25,2.35,,20333.8
2021-04-06,1.51,3.25,2.32,,
2021-04-07,1.52,3.22,2.34,7708882.0,
2021-04-08,1.5,3.21,2.33,,
2021-04-09,1.51,3.24,2.31,,
2021-04-12,1.51,3.24,2.33,,20321.8
2021-04-13,1.48,3.32,2.33,,
2021-04-14,1.48,3.25,2.33,7793104.0,
2021-04-15,1.4,3.25,2.33,,
2021-04-16,1.43,3.22,2.36,,
2021-04-19,1.45,3.25,2.34,,20315.9
2021-04-20,1.43,3.35,2.32,,
2021-04-21,1.42,3.34,2.33,7820948.0,
2021-04-22,1.41,3.34,2.33,,
2021-04-23,1.42,3.29,2.34,,
2021-04-26,1.4,3.26,2.36,,20163.1
2021-04-27,1.46,3.24,2.39,,
2021-04-28,1.46,3.26,2.41,7780962.0,
2021-04-29,1.49,3.24,2.42,,
2021-04-30,1.49,3.28,2.41,,
2021-05-03,1.47,3.27,2.42,,20286.6
2021-05-04,1.45,3.32,2.42,,
2021-05-05,1.43,3.29,2.47,7810486.0,
2021-05-06,1.42,3.3,2.45,,
2021-05-07,1.46,3.27,2.49,,
2021-05-10,1.47,3.26,2.54,,20366.4
2021-05-11,1.48,3.36,2.53,,
2021-05-12,1.53,3.34,2.54,7830663.0,
2021-05-13,1.5,3.37,2.51,,
2021-05-14,1.47,3.35,2.51,,
2021-05-17,1.48,3.35,2.54,,20416.4
2021-05-18,1.48,3.35,2.52,,
2021-05-19,1.52,3.4,2.48,7922883.0,
2021-05-20,1.48,3.42,2.41,,
2021-05-21,1.46,3.37,2.43,,
2021-05-24,1.46,3.37,2.44,,20248.0
2021-05-25,1.41,3.34,2.42,,
2021-05-26,1.44,3.35,2.4,7903541.0,
2021-05-27,1.47,3.3,2.42,,
2021-05-28,1.44,3.29,2.42,,
2021-05-31,,3.34,,,20295.4
2021-06-01,1.46,3.33,2.46,,
2021-06-02,1.46,3.31,2.44,7935703.0,
2021-06-03,1.47,3.28,2.42,,
2021-06-04,1.42,3.28,2.4,,
2021-06-07,1.41,3.27,2.39,,20431.9
2021-06-08,1.39,3.26,2.36,,
2021-06-09,1.34,3.22,2.32,7952327.0,
2021-06-10,1.31,3.23,2.35,,
2021-06-11,1.31,3.21,2.32,,
2021-06-14,1.35,3.17,2.36,,20517.4
2021-06-15,1.35,3.17,2.38,,
2021-06-16,1.36,3.12,2.32,8064257.0,
2021-06-17,1.29,3.15,2.27,,
2021-06-18,1.19,3.18,2.24,,
2021-06-21,1.23,3.14,2.25,,20421.3
2021-06-22,1.23,3.15,2.31,,
2021-06-23,1.24,3.13,2.34,8101945.0,
2021-06-24,1.23,3.08,2.3,,
2021-06-25,1.26,3.04,2.34,,
2021-06-28,1.24,3.05,2.33,,20362.0
2021-06-29,1.22,3.03,2.32,,
2021-06-30,1.2,3.04,2.32,8078544.0,
2021-07-01,1.23,3.02,2.35,,
2021-07-02,1.2,3.04,2.33,,
2021-07-05,,3.03,,,20582.9
2021-07-06,1.15,3.05,2.31,,
2021-07-07,1.11,3.05,2.28,8097773.0,
2021-07-08,1.11,3.14,2.22,,
2021-07-09,1.14,3.07,2.28,,
2021-07-12,1.15,3.05,2.33,,20575.3
2021-07-13,1.16,3.04,2.36,,
2021-07-14,1.14,3.1,2.34,8201651.0,
2021-07-15,1.08,3.14,2.32,,
2021-07-16,1.06,3.18,2.33,,
2021-07-19,0.98,3.44,2.24,,20604.4
2021-07-20,1.03,3.38,2.26,,
2021-07-21,1.08,3.24,2.28,8240530.0,
2021-07-22,1.07,3.24,2.28,,
2021-07-23,1.08,3.22,2.35,,
2021-07-26,1.07,3.21,2.4,,20556.1
2021-07-27,1.05,3.27,2.38,,
2021-07-28,1.06,3.26,2.41,8221473.0,
2021-07-29,1.08,3.23,2.43,,
2021-07-30,1.05,3.26,2.4,,
2021-07-31,,3.32,,,
2021-08-02,1.03,3.36,2.37,,20682.5
2021-08-03,1.02,3.42,2.38,,
2021-08-04,1.02,3.42,2.35,8235073.0,
2021-08-05,1.02,3.37,2.33,,
2021-08-06,1.1,3.32,2.37,,
2021-08-09,1.1,3.34,2.37,,20741.1
2021-08-10,1.12,3.32,2.4,,
2021-08-11,1.12,3.37,2.42,8257159.0,
2021-08-12,1.13,3.34,2.41,,
2021-08-13,1.06,3.36,2.37,,
2021-08-16,1.05,3.38,2.36,,20811.4
2021-08-17,1.03,3.37,2.33,,
2021-08-18,1.04,3.35,2.32,8342598.0,
2021-08-19,1.02,3.42,2.28,,
2021-08-20,1.03,3.37,2.27,,
2021-08-23,1.02,3.34,2.27,,20786.6
2021-08-24,1.05,3.26,2.3,,
2021-08-25,1.12,3.22,2.35,8332743.0,
2021-08-26,1.09,3.2,2.33,,
2021-08-27,1.09,3.17,2.39,,
2021-08-30,1.09,3.16,2.37,,20818.0
2021-08-31,1.1,3.21,2.33,,
2021-09-01,1.11,3.19,2.34,8349173.0,
2021-09-02,1.09,3.16,2.32,,
2021-09-03,1.12,3.14,2.34,,
2021-09-06,,3.13,,,20960.3
2021-09-07,1.16,3.16,2.36,,
2021-09-08,1.13,3.16,2.38,8357314.0,
2021-09-09,1.07,3.15,2.38,,
2021-09-10,1.12,3.11,2.4,,
2021-09-13,1.12,3.09,2.37,,21004.8
2021-09-14,1.07,3.11,2.33,,
2021-09-15,1.1,3.08,2.35,8448770.0,
2021-09-16,1.11,3.06,2.35,,
2021-09-17,1.14,3.04,2.33,,
2021-09-20,1.08,3.23,2.29,,20959.2
2021-09-21,1.11,3.17,2.29,,
2021-09-22,1.07,3.09,2.28,8489824.0,
2021-09-23,1.14,3.03,2.31,,
2021-09-24,1.18,3.05,2.34,,
2021-09-27,1.17,3.06,2.35,,20869.3
2021-09-28,1.23,3.13,2.38,,
2021-09-29,1.25,3.09,2.37,8447981.0,
2021-09-30,1.24,3.15,2.37,,
2021-10-01,1.21,3.2,2.38,,
2021-10-04,1.22,3.21,2.38,,21074.2
2021-10-05,1.26,3.17,2.45,,
2021-10-06,1.23,3.29,2.43,8464032.0,
2021-10-07,1.26,3.19,2.46,,
2021-10-08,1.29,3.2,2.5,,
2021-10-11,,3.2,,,21099.4
2021-10-12,1.24,3.28,2.49,,
2021-10-13,1.19,3.25,2.52,8480942.0,
2021-10-14,1.16,3.18,2.52,,
2021-10-15,1.18,3.12,2.56,,
2021-10-18,1.15,3.11,2.54,,21174.7
2021-10-19,1.24,3.09,2.54,,
2021-10-20,1.25,3.07,2.57,8564943.0,
2021-10-21,1.23,3.03,2.64,,
2021-10-22,1.18,3.07,2.64,,
2021-10-25,1.17,3.11,2.66,,21063.7
2021-10-26,1.16,3.09,2.69,,
2021-10-27,1.04,3.11,2.65,8556181.0,
2021-10-28,1.07,3.08,2.57,,
2021-10-29,1.07,3.08,2.51,,
2021-10-31,,3.15,,,
2021-11-01,1.08,3.16,2.5,,21204.0
2021-11-02,1.1,3.21,2.51,,
2021-11-03,1.13,3.18,2.53,8574871.0,
2021-11-04,1.12,3.19,2.56,,
2021-11-05,1.06,3.12,2.54,,
2021-11-08,1.06,3.03,2.62,,21283.3
2021-11-09,1.05,3.08,2.63,,
2021-11-10,1.05,3.06,2.7,8663117.0,
2021-11-11,,3.06,,,
2021-11-12,1.05,3.09,2.73,,
2021-11-15,1.1,3.1,2.76,,21347.7
2021-11-16,1.09,3.12,2.73,,
2021-11-17,1.08,3.17,2.7,8674970.0,
2021-11-18,1.07,3.19,2.73,,
2021-11-19,1.02,3.24,2.65,,
2021-11-22,1.0,3.18,2.61,,21377.1
2021-11-23,1.07,3.3,2.62,,
2021-11-24,1.0,3.32,2.61,8681771.0,
2021-11-25,,3.32,,,
2021-11-26,0.98,3.62,2.55,,
2021-11-29,1.01,3.53,2.54,,21406.1
2021-11-30,0.91,3.67,2.5,,
2021-12-01,0.87,3.58,2.44,8650402.0,
2021-12-02,0.81,3.54,2.47,,
2021-12-03,0.75,3.56,2.43,,
2021-12-06,0.78,3.41,2.44,,21549.7
2021-12-07,0.78,3.16,2.47,,
2021-12-08,0.84,3.21,2.52,8664524.0,
2021-12-09,0.79,3.25,2.47,,
2021-12-10,0.81,3.29,2.44,,
2021-12-13,0.76,3.33,2.4,,21605.0
2021-12-14,0.77,3.35,2.37,,
2021-12-15,0.78,3.33,2.39,8756666.0,
2021-12-16,0.8,3.32,2.42,,
2021-12-17,0.75,3.36,2.38,,
2021-12-20,0.78,3.41,2.39,,21731.2
2021-12-21,0.78,3.25,2.44,,
2021-12-22,0.78,3.21,2.47,8790495.0,
2021-12-23,0.79,3.12,2.47,,
2021-12-24,,,,,
2021-12-27,0.72,3.02,2.5,,21776.1
2021-12-28,0.75,3.01,2.5,,
2021-12-29,0.8,3.03,2.53,8757460.0,
2021-12-30,0.79,3.09,2.58,,
2021-12-31,0.79,3.1,2.56,,
2022-01-03,0.85,3.05,2.6,,21753.5
2022-01-04,0.89,3.09,2.57,,
2022-01-05,0.88,3.07,2.53,8765721.0,
2022-01-06,0.85,3.15,2.46,,
2022-01-07,0.89,3.2,2.48,,
2022-01-10,0.86,3.24,2.48,,21773.6
2022-01-11,0.85,3.18,2.54,,
2022-01-12,0.82,3.06,2.48,8788278.0,
2022-01-13,0.79,3.1,2.43,,
2022-01-14,0.79,3.09,2.44,,
2022-01-17,,3.09,,,21746.8
2022-01-18,0.81,3.12,2.46,,
2022-01-19,0.79,3.11,2.4,8867834.0,
2022-01-20,0.75,3.1,2.33,,
2022-01-21,0.74,3.29,2.34,,
2022-01-24,0.76,3.44,2.38,,21562.8
2022-01-25,0.76,3.39,2.41,,
2022-01-26,0.72,3.25,2.38,8860485.0,
2022-01-27,0.63,3.46,2.4,,
2022-01-28,0.63,3.61,2.44,,
2022-01-31,0.61,3.63,2.44,,21551.6
2022-02-01,0.63,3.51,2.43,,
2022-02-02,0.62,3.45,2.41,8873211.0,
2022-02-03,0.63,3.51,2.38,,
2022-02-04,0.62,3.56,2.41,,
2022-02-07,0.62,3.6,2.4,,21588.9
2022-02-08,0.61,3.55,2.42,,
2022-02-09,0.58,3.46,2.42,8878009.0,
2022-02-10,0.42,3.44,2.45,,
2022-02-11,0.42,3.66,2.43,,
2022-02-14,0.4,3.74,2.48,,21599.1
2022-02-15,0.47,3.67,2.48,,
2022-02-16,0.51,3.68,2.46,8911033.0,
2022-02-17,0.48,3.74,2.43,,
2022-02-18,0.45,3.78,2.41,,
2022-02-21,,3.78,,,21602.5
2022-02-22,0.38,3.75,2.45,,
2022-02-23,0.41,3.72,2.53,8928129.0,
2022-02-24,0.42,3.93,2.55,,
2022-02-25,0.42,3.62,2.54,,
2022-02-28,0.39,3.77,2.62,,21687.1
2022-03-01,0.41,3.89,2.62,,
2022-03-02,0.36,3.71,2.71,8904455.0,
2022-03-03,0.33,3.71,2.69,,
2022-03-04,0.24,3.9,2.67,,
2022-03-07,0.23,4.01,2.77,,21840.6
2022-03-08,0.23,4.03,2.9,,
2022-03-09,0.26,3.94,2.84,8910748.0,
2022-03-10,0.26,4.0,2.86,,
2022-03-11,0.25,4.05,2.94,,
2022-03-14,0.27,4.16,2.93,,21891.3
2022-03-15,0.3,4.21,2.84,,
2022-03-16,0.24,3.96,2.8,8954306.0,
2022-03-17,0.26,3.81,2.91,,
2022-03-18,0.17,3.81,2.86,,
2022-03-21,0.18,3.67,2.9,,21896.0
2022-03-22,0.2,3.7,2.91,,
2022-03-23,0.19,3.72,2.94,8962474.0,
2022-03-24,0.21,3.67,2.92,,
2022-03-25,0.18,3.51,2.95,,
2022-03-28,0.11,3.54,2.95,,21883.2
2022-03-29,0.06,3.38,2.86,,
2022-03-30,0.04,3.33,2.86,8937142.0,
2022-03-31,0.04,3.43,2.84,,
2022-04-01,-0.05,3.4,2.8,,
2022-04-04,-0.01,3.33,2.8,,22026.4
2022-04-05,0.03,3.27,2.84,,
2022-04-06,0.11,3.48,2.83,8937592.0,
2022-04-07,0.19,3.54,2.82,,
2022-04-08,0.19,3.57,2.87,,
2022-04-11,0.29,3.73,2.91,,22013.2
2022-04-12,0.33,3.75,2.86,,
2022-04-13,0.33,3.77,2.8,8965487.0,
2022-04-14,0.36,3.68,2.89,,
2022-04-15,,,,,
2022-04-18,0.39,3.64,2.92,,22086.8
2022-04-19,0.32,3.58,2.93,,
2022-04-20,0.25,3.56,2.92,8955851.0,
2022-04-21,0.22,3.5,3.02,,
2022-04-22,0.18,3.65,2.98,,
2022-04-25,0.18,3.8,2.91,,21640.3
2022-04-26,0.23,3.83,2.85,,
2022-04-27,0.24,3.89,2.88,8939199.0,
2022-04-28,0.22,3.83,2.97,,
2022-04-29,0.19,3.93,2.88,,
2022-04-30,,3.97,,,
2022-05-02,0.26,4.05,2.81,,21646.8
2022-05-03,0.19,3.97,2.83,,
2022-05-04,0.27,4.1,2.86,8939972.0,
2022-05-05,0.34,4.03,2.87,,
2022-05-06,0.4,4.18,2.86,,
2022-05-09,0.44,4.47,2.75,,21584.1
2022-05-10,0.37,4.52,2.65,,
2022-05-11,0.25,4.55,2.7,8942008.0,
2022-05-12,0.28,4.77,2.59,,
2022-05-13,0.32,4.63,2.69,,
2022-05-16,0.3,4.71,2.68,,21616.8
2022-05-17,0.27,4.6,2.71,,
2022-05-18,0.21,4.84,2.72,8945898.0,
2022-05-19,0.21,4.92,2.59,,
2022-05-20,0.18,4.91,2.55,,
2022-05-23,0.21,4.82,2.6,,21572.8
2022-05-24,0.26,4.94,2.55,,
2022-05-25,0.27,4.74,2.56,8914281.0,
2022-05-26,0.29,4.38,2.62,,
2022-05-27,0.27,4.19,2.63,,
2022-05-30,,4.19,,,21558.8
2022-05-31,0.32,4.22,2.64,,
2022-06-01,0.28,4.13,2.65,8915050.0,
2022-06-02,0.27,4.15,2.66,,
2022-06-03,0.3,4.21,2.74,,
2022-06-06,0.31,4.19,2.76,,21657.6
2022-06-07,0.23,4.34,2.73,,
2022-06-08,0.25,4.34,2.75,8918254.0,
2022-06-09,0.21,4.42,2.75,,
2022-06-10,0.09,4.51,2.76,,
2022-06-13,0.03,4.87,2.74,,21632.6
2022-06-14,0.04,4.9,2.6,,
2022-06-15,0.13,4.82,2.7,8932420.0,
2022-06-16,0.14,5.17,2.62,,
2022-06-17,0.08,5.15,2.58,,
2022-06-20,,5.15,,,21590.0
2022-06-21,0.1,5.05,2.61,,
2022-06-22,0.1,5.32,2.54,8934346.0,
2022-06-23,0.08,5.38,2.5,,
2022-06-24,0.09,5.18,2.56,,
2022-06-27,0.12,5.11,2.55,,21564.3
2022-06-28,0.1,5.26,2.48,,
2022-06-29,0.04,5.62,2.36,8913553.0,
2022-06-30,0.06,5.87,2.33,,
2022-07-01,0.04,5.92,2.34,,
2022-07-04,,5.93,,,21659.9
2022-07-05,0.0,5.99,2.3,,
2022-07-06,-0.04,5.8,2.29,8891851.0,
2022-07-07,-0.02,5.5,2.33,,
2022-07-08,-0.03,5.36,2.37,,
2022-07-11,-0.08,5.44,2.32,,21625.7
2022-07-12,-0.07,5.43,2.32,,
2022-07-13,-0.22,5.47,2.31,8895867.0,
2022-07-14,-0.19,5.53,2.34,,
2022-07-15,-0.2,5.39,2.36,,
2022-07-18,-0.19,5.25,2.37,,21603.3
2022-07-19,-0.22,5.1,2.39,,
2022-07-20,-0.21,4.9,2.38,8899213.0,
2022-07-21,-0.19,4.99,2.33,,
2022-07-22,-0.21,4.96,2.34,,
2022-07-25,-0.19,4.95,2.36,,21557.4
2022-07-26,-0.21,5.06,2.36,,
2022-07-27,-0.18,5.07,2.42,8890004.0,
2022-07-28,-0.17,4.98,2.48,,
2022-07-29,-0.22,4.77,2.53,,
2022-07-31,,4.83,,,
2022-08-01,-0.3,4.8,2.51,,21627.3
2022-08-02,-0.31,4.61,2.48,,
2022-08-03,-0.37,4.54,2.5,8874620.0,
2022-08-04,-0.35,4.55,2.46,,
2022-08-05,-0.41,4.44,2.46,,
2022-08-08,-0.44,4.41,2.48,,21619.8
2022-08-09,-0.48,4.46,2.47,,
2022-08-10,-0.45,4.33,2.43,8879138.0,
2022-08-11,-0.36,4.21,2.47,,
2022-08-12,-0.41,4.25,2.47,,
2022-08-15,-0.41,4.24,2.44,,21628.4
2022-08-16,-0.43,4.25,2.44,,
2022-08-17,-0.39,4.33,2.46,8849762.0,
2022-08-18,-0.34,4.37,2.52,,
2022-08-19,-0.27,4.45,2.55,,
2022-08-22,-0.29,4.62,2.57,,21575.3
2022-08-23,-0.24,4.68,2.58,,
2022-08-24,-0.25,4.61,2.62,8851436.0,
2022-08-25,-0.32,4.6,2.6,,
2022-08-26,-0.33,4.65,2.57,,
2022-08-29,-0.3,4.78,2.58,,21509.4
2022-08-30,-0.35,4.9,2.55,,
2022-08-31,-0.3,5.03,2.48,8826093.0,
2022-09-01,-0.25,5.08,2.45,,
2022-09-02,-0.2,5.06,2.47,,
2022-09-05,,5.07,,,21578.2
2022-09-06,-0.17,4.98,2.48,,
2022-09-07,-0.18,4.97,2.45,8822401.0,
2022-09-08,-0.19,4.8,2.41,,
2022-09-09,-0.23,4.57,2.42,,
2022-09-12,-0.21,4.5,2.42,,21575.2
2022-09-13,-0.33,4.68,2.44,,
2022-09-14,-0.37,4.74,2.46,8832759.0,
2022-09-15,-0.42,4.77,2.43,,
2022-09-16,-0.4,5.0,2.38,,
2022-09-19,-0.46,4.88,2.34,,21519.2
2022-09-20,-0.39,4.88,2.4,,
2022-09-21,-0.51,4.87,2.38,8816802.0,
2022-09-22,-0.41,4.91,2.41,,
2022-09-23,-0.51,5.12,2.37,,
2022-09-26,-0.39,5.18,2.32,,21397.3
2022-09-27,-0.33,5.22,2.33,,
2022-09-28,-0.35,5.47,2.33,8795567.0,
2022-09-29,-0.4,5.5,2.19,,
2022-09-30,-0.39,5.43,2.15,,
2022-10-03,-0.45,5.43,2.24,,21470.0
2022-10-04,-0.48,5.12,2.24,,
2022-10-05,-0.39,5.09,2.22,8759053.0,
2022-10-06,-0.4,4.95,2.22,,
2022-10-07,-0.41,5.02,2.27,,
2022-10-10,,5.03,,,21438.9
2022-10-11,-0.37,5.25,2.31,,
2022-10-12,-0.37,5.31,2.29,8758969.0,
2022-10-13,-0.5,5.25,2.34,,
2022-10-14,-0.48,5.15,2.41,,
2022-10-17,-0.43,5.04,2.45,,21472.5
2022-10-18,-0.42,4.95,2.41,,
2022-10-19,-0.41,4.97,2.42,8743922.0,
2022-10-20,-0.38,4.89,2.51,,
2022-10-21,-0.28,4.99,2.52,,
2022-10-24,-0.25,4.91,2.59,,21332.7
2022-10-25,-0.32,4.88,2.51,,
2022-10-26,-0.35,4.8,2.44,8723090.0,
2022-10-27,-0.34,4.76,2.45,,
2022-10-28,-0.39,4.54,2.51,,
2022-10-31,-0.41,4.63,2.52,,21383.6
2022-11-01,-0.47,4.61,2.51,,
2022-11-02,-0.51,4.62,2.53,8676870.0,
2022-11-03,-0.57,4.81,2.4,,
2022-11-04,-0.49,4.77,2.48,,
2022-11-07,-0.5,4.71,2.53,,21426.5
2022-11-08,-0.53,4.79,2.5,,
2022-11-09,-0.49,4.99,2.42,8678886.0,
2022-11-10,-0.52,4.8,2.39,,
2022-11-11,,4.81,,,
2022-11-14,-0.52,4.67,2.37,,21426.7
2022-11-15,-0.57,4.64,2.35,,
2022-11-16,-0.68,4.71,2.29,8625620.0,
2022-11-17,-0.66,4.75,2.28,,
2022-11-18,-0.69,4.65,2.25,,
2022-11-21,-0.65,4.64,2.31,,21433.3
2022-11-22,-0.71,4.57,2.32,,
2022-11-23,-0.75,4.51,2.32,8621390.0,
2022-11-24,,4.51,,,
2022-11-25,-0.74,4.52,2.32,,
2022-11-28,-0.77,4.63,2.26,,21393.0
2022-11-29,-0.73,4.63,2.25,,
2022-11-30,-0.7,4.55,2.34,8584576.0,
2022-12-01,-0.72,4.48,2.36,,
2022-12-02,-0.77,4.5,2.43,,
2022-12-05,-0.81,4.43,2.39,,21461.1
2022-12-06,-0.83,4.57,2.31,,
2022-12-07,-0.84,4.68,2.26,8582735.0,
2022-12-08,-0.83,4.55,2.28,,
2022-12-09,-0.76,4.46,2.26,,
2022-12-12,-0.78,4.4,2.28,,21456.6
2022-12-13,-0.71,4.34,2.24,,
2022-12-14,-0.74,4.37,2.19,8583413.0,
2022-12-15,-0.79,4.54,2.16,,
2022-12-16,-0.69,4.67,2.13,,
2022-12-19,-0.68,4.67,2.15,,21469.1
2022-12-20,-0.56,4.68,2.24,,
2022-12-21,-0.53,4.56,2.27,8564411.0,
2022-12-22,-0.57,4.61,2.19,,
2022-12-23,-0.56,4.59,2.2,,
2022-12-26,,,,,21440.7
2022-12-27,-0.48,4.55,2.26,,
2022-12-28,-0.43,4.77,2.28,8551169.0,
2022-12-29,-0.51,4.81,2.27,,
2022-12-30,-0.53,4.79,2.3,,
2022-12-31,,4.81,,,
2023-01-02,,,,,21407.8
2023-01-03,-0.61,4.7,2.26,,
2023-01-04,-0.67,4.62,2.22,8507429.0,
2023-01-05,-0.74,4.58,2.22,,
2023-01-06,-0.69,4.47,2.21,,
2023-01-09,-0.66,4.37,2.22,,21460.4
2023-01-10,-0.63,4.33,2.24,,
2023-01-11,-0.66,4.3,2.23,8508587.0,
2023-01-12,-0.69,4.29,2.21,,
2023-01-13,-0.73,4.21,2.18,,
2023-01-16,,4.19,,,21371.7
2023-01-17,-0.65,4.19,2.17,,
2023-01-18,-0.69,4.25,2.12,8489039.0,
2023-01-19,-0.7,4.39,2.2,,
2023-01-20,-0.66,4.35,2.23,,
2023-01-23,-0.69,4.27,2.28,,21227.2
2023-01-24,-0.66,4.33,2.27,,
2023-01-25,-0.65,4.35,2.29,8470557.0,
2023-01-26,-0.68,4.24,2.33,,
2023-01-27,-0.67,4.23,2.33,,
2023-01-30,-0.7,4.26,2.29,,21136.1
2023-01-31,-0.69,4.3,2.24,,
2023-02-01,-0.7,4.31,2.25,8433610.0,
2023-02-02,-0.69,3.94,2.22,,
2023-02-03,-0.77,3.95,2.22,,
2023-02-06,-0.81,3.99,2.25,,21205.0
2023-02-07,-0.8,3.99,2.31,,
2023-02-08,-0.82,4.07,2.34,8435369.0,
2023-02-09,-0.81,4.05,2.33,,
2023-02-10,-0.76,4.24,2.33,,
2023-02-13,-0.8,4.23,2.31,,21138.4
2023-02-14,-0.83,4.15,2.31,,
2023-02-15,-0.81,4.18,2.35,8384767.0,
2023-02-16,-0.76,4.24,2.37,,
2023-02-17,-0.78,4.38,2.36,,
2023-02-20,,4.38,,,21129.8
2023-02-21,-0.72,4.49,2.42,,
2023-02-22,-0.73,4.41,2.41,8382190.0,
2023-02-23,-0.78,4.3,2.39,,
2023-02-24,-0.83,4.28,2.38,,
2023-02-27,-0.86,4.21,2.36,,21127.8
2023-02-28,-0.89,4.22,2.43,,
2023-03-01,-0.88,4.17,2.44,8339684.0,
2023-03-02,-0.81,4.18,2.48,,
2023-03-03,-0.89,4.05,2.52,,
2023-03-06,-0.91,3.97,2.49,,21175.5
2023-03-07,-1.03,3.98,2.38,,
2023-03-08,-1.07,4.09,2.32,8342283.0,
2023-03-09,-0.97,4.27,2.3,,
2023-03-10,-0.9,4.61,2.26,,
2023-03-13,-0.48,5.03,2.24,,21171.0
2023-03-14,-0.56,4.74,2.31,,
2023-03-15,-0.42,5.2,2.29,8639300.0,
2023-03-16,-0.58,4.93,2.22,,
2023-03-17,-0.42,5.17,2.1,,
2023-03-20,-0.45,5.15,2.14,,21032.3
2023-03-21,-0.58,4.85,2.23,,
2023-03-22,-0.48,5.0,2.28,8733787.0,
2023-03-23,-0.38,5.1,2.19,,
2023-03-24,-0.38,5.22,2.22,,
2023-03-27,-0.41,5.03,2.24,,20906.3
2023-03-28,-0.47,5.01,2.31,,
2023-03-29,-0.51,4.83,2.33,8705942.0,
2023-03-30,-0.55,4.74,2.34,,
2023-03-31,-0.58,4.58,2.32,,
2023-04-03,-0.54,4.58,2.29,,20969.6
2023-04-04,-0.49,4.73,2.25,,
2023-04-05,-0.49,4.84,2.23,8632384.0,
2023-04-06,-0.52,4.84,2.24,,
2023-04-07,-0.58,,2.25,,
2023-04-10,-0.59,4.7,2.27,,21062.9
2023-04-11,-0.6,4.63,2.29,,
2023-04-12,-0.54,4.62,2.27,8614797.0,
2023-04-13,-0.51,4.49,2.29,,
2023-04-14,-0.56,4.43,2.3,,
2023-04-17,-0.58,4.41,2.32,,20983.4
2023-04-18,-0.61,4.37,2.28,,
2023-04-19,-0.64,4.41,2.28,8593263.0,
2023-04-20,-0.6,4.54,2.26,,
2023-04-21,-0.6,4.46,2.28,,
2023-04-24,-0.6,4.48,2.28,,20699.3
2023-04-25,-0.46,4.64,2.25,,
2023-04-26,-0.47,4.63,2.25,8562768.0,
2023-04-27,-0.54,4.48,2.27,,
2023-04-28,-0.6,4.5,2.18,,
2023-04-30,,4.53,,,
2023-05-01,-0.55,4.45,2.23,,20661.5
2023-05-02,-0.53,4.7,2.2,,
2023-05-03,-0.51,4.79,2.2,8503994.0,
2023-05-04,-0.38,4.95,2.19,,
2023-05-05,-0.48,4.77,2.21,,
2023-05-08,-0.48,4.72,2.23,,20726.2
2023-05-09,-0.48,4.74,2.23,,
2023-05-10,-0.47,4.78,2.17,8503017.0,
2023-05-11,-0.5,4.81,2.16,,
2023-05-12,-0.52,4.76,2.18,,
2023-05-15,-0.49,4.77,2.19,,20721.3
2023-05-16,-0.52,4.79,2.19,,
2023-05-17,-0.55,4.75,2.22,8456760.0,
2023-05-18,-0.59,4.69,2.23,,
2023-05-19,-0.58,4.62,2.24,,
2023-05-22,-0.57,4.54,2.24,,20702.2
2023-05-23,-0.56,4.6,2.26,,
2023-05-24,-0.58,4.68,2.25,8436255.0,
2023-05-25,-0.67,4.58,2.25,,
2023-05-26,-0.74,4.53,2.23,,
2023-05-29,,4.54,,,20761.6
2023-05-30,-0.77,4.58,2.22,,
2023-05-31,-0.76,4.69,2.18,8385854.0,
2023-06-01,-0.72,4.65,2.16,,
2023-06-02,-0.81,4.37,2.18,,
2023-06-05,-0.77,4.39,2.19,,20863.3
2023-06-06,-0.81,4.39,2.2,,
2023-06-07,-0.77,4.33,2.21,8389325.0,
2023-06-08,-0.79,4.39,2.2,,
2023-06-09,-0.84,4.29,2.2,,
2023-06-12,-0.82,4.34,2.17,,20790.1
2023-06-13,-0.83,4.18,2.2,,
2023-06-14,-0.91,4.18,2.21,8388323.0,
2023-06-15,-0.9,4.21,2.21,,
2023-06-16,-0.93,4.15,2.22,,
2023-06-19,,4.15,,,20759.5
2023-06-20,-0.94,4.22,2.22,,
2023-06-21,-0.96,4.32,2.21,8362060.0,
2023-06-22,-0.97,4.3,2.24,,
2023-06-23,-0.97,4.4,2.21,,
2023-06-26,-0.93,4.45,2.18,,20688.4
2023-06-27,-0.97,4.3,2.2,,
2023-06-28,-1.0,4.27,2.18,8340914.0,
2023-06-29,-1.02,4.14,2.2,,
2023-06-30,-1.06,4.05,2.22,,
2023-07-03,-1.08,3.99,2.25,,20788.4
2023-07-04,,3.99,,,
2023-07-05,-0.99,4.01,2.26,8298312.0,
2023-07-06,-0.94,4.1,2.27,,
2023-07-07,-0.88,4.08,2.27,,
2023-07-10,-0.84,4.13,2.25,,20799.2
2023-07-11,-0.89,4.05,2.24,,
2023-07-12,-0.86,3.95,2.26,8296923.0,
2023-07-13,-0.83,3.97,2.24,,
2023-07-14,-0.91,3.9,2.24,,
2023-07-17,-0.93,3.97,2.25,,20791.1
2023-07-18,-0.94,3.9,2.23,,
2023-07-19,-0.99,3.89,2.22,8274552.0,
2023-07-20,-0.95,3.9,2.35,,
2023-07-21,-0.98,3.89,2.35,,
2023-07-24,-0.95,3.82,2.38,,20678.7
2023-07-25,-0.94,3.84,2.39,,
2023-07-26,-0.96,3.91,2.36,8243344.0,
2023-07-27,-0.9,3.78,2.37,,
2023-07-28,-0.91,3.82,2.38,,
2023-07-31,-0.91,3.79,2.37,,20721.5
2023-08-01,-0.87,3.82,2.37,,
2023-08-02,-0.8,3.96,2.36,8206764.0,
2023-08-03,-0.7,3.98,2.37,,
2023-08-04,-0.73,4.01,2.38,,
2023-08-07,-0.67,3.97,2.41,,20776.3
2023-08-08,-0.72,4.0,2.36,,
2023-08-09,-0.79,3.94,2.34,8208241.0,
2023-08-10,-0.73,3.83,2.33,,
2023-08-11,-0.73,3.83,2.36,,
2023-08-14,-0.77,3.79,2.36,,20756.5
2023-08-15,-0.71,3.85,2.32,,
2023-08-16,-0.69,3.81,2.32,8145727.0,
2023-08-17,-0.64,3.95,2.33,,
2023-08-18,-0.66,4.02,2.32,,
2023-08-21,-0.63,3.97,2.34,,20696.3
2023-08-22,-0.68,3.93,2.35,,
2023-08-23,-0.76,3.92,2.35,8139066.0,
2023-08-24,-0.75,3.91,2.32,,
2023-08-25,-0.78,3.9,2.33,,
2023-08-28,-0.78,3.86,2.3,,20669.0
2023-08-29,-0.75,3.87,2.29,,
2023-08-30,-0.78,3.8,2.26,8121316.0,
2023-08-31,-0.76,3.85,2.24,,
2023-09-01,-0.69,3.81,2.26,,
2023-09-04,,3.81,,,20754.1
2023-09-05,-0.67,3.83,2.29,,
2023-09-06,-0.71,3.86,2.3,8101318.0,
2023-09-07,-0.67,3.9,2.32,,
2023-09-08,-0.72,3.85,2.33,,
2023-09-11,-0.68,3.82,2.35,,20754.0
2023-09-12,-0.71,3.84,2.34,,
2023-09-13,-0.71,3.85,2.35,8098779.0,
2023-09-14,-0.71,3.78,2.34,,
2023-09-15,-0.69,3.79,2.35,,
2023-09-18,-0.73,3.82,2.36,,20724.7
2023-09-19,-0.71,3.82,2.37,,
2023-09-20,-0.77,3.77,2.35,8024090.0,
2023-09-21,-0.63,3.89,2.38,,
2023-09-22,-0.66,3.93,2.37,,
2023-09-25,-0.54,3.97,2.37,,20620.3
2023-09-26,-0.48,4.04,2.33,,
2023-09-27,-0.49,4.03,2.34,8002064.0,
2023-09-28,-0.45,4.09,2.39,,
2023-09-29,-0.44,4.03,2.35,,
2023-09-30,,4.03,,,
2023-10-02,-0.43,4.11,2.35,,20719.0
2023-10-03,-0.34,4.26,2.36,,
2023-10-04,-0.32,4.37,2.33,7955782.0,
2023-10-05,-0.31,4.38,2.31,,
2023-10-06,-0.3,4.33,2.31,,
2023-10-09,,4.34,,,20714.8
2023-10-10,-0.3,4.26,2.32,,
2023-10-11,-0.41,4.25,2.32,7952054.0,
2023-10-12,-0.36,4.25,2.34,,
2023-10-13,-0.41,4.3,2.34,,
2023-10-16,-0.38,4.27,2.38,,20765.4
2023-10-17,-0.36,4.25,2.41,,
2023-10-18,-0.28,4.32,2.44,7933162.0,
2023-10-19,-0.16,4.37,2.49,,
2023-10-20,-0.14,4.52,2.47,,
2023-10-23,-0.19,4.51,2.41,,20604.1
2023-10-24,-0.19,4.41,2.4,,
2023-10-25,-0.13,4.37,2.43,7907830.0,
2023-10-26,-0.16,4.5,2.42,,
2023-10-27,-0.15,4.53,2.42,,
2023-10-30,-0.15,4.5,2.44,,20599.2
2023-10-31,-0.19,4.42,2.42,,
2023-11-01,-0.18,4.47,2.41,7866664.0,
2023-11-02,-0.31,4.15,2.4,,
2023-11-03,-0.26,4.04,2.39,,
2023-11-06,-0.26,4.0,2.42,,20713.3
2023-11-07,-0.33,4.08,2.39,,
2023-11-08,-0.44,4.08,2.34,7860691.0,
2023-11-09,-0.41,4.04,2.33,,
2023-11-10,-0.43,4.03,2.32,,
2023-11-13,-0.39,4.03,2.31,,20714.5
2023-11-14,-0.36,3.92,2.28,,
2023-11-15,-0.37,3.89,2.31,7814991.0,
2023-11-16,-0.38,4.02,2.27,,
2023-11-17,-0.44,3.99,2.28,,
2023-11-20,-0.47,3.92,2.3,,20765.6
2023-11-21,-0.45,3.95,2.25,,
2023-11-22,-0.47,3.9,2.26,7810814.0,
2023-11-23,,3.9,,,
2023-11-24,-0.45,3.85,2.26,,
2023-11-27,-0.45,3.89,2.21,,20755.9
2023-11-28,-0.39,3.9,2.22,,
2023-11-29,-0.37,3.8,2.21,7796145.0,
2023-11-30,-0.36,3.84,2.23,,
2023-12-01,-0.34,3.87,2.22,,
2023-12-04,-0.36,3.8,2.21,,20858.3
2023-12-05,-0.39,3.8,2.17,,
2023-12-06,-0.48,3.79,2.14,7737385.0,
2023-12-07,-0.44,3.77,2.17,,
2023-12-08,-0.48,3.75,2.21,,
2023-12-11,-0.48,3.79,2.19,,20851.6
2023-12-12,-0.53,3.76,2.16,,
2023-12-13,-0.42,3.79,2.16,7739566.0,
2023-12-14,-0.45,3.47,2.22,,
2023-12-15,-0.53,3.51,2.22,,
2023-12-18,-0.48,3.51,2.21,,20924.8
2023-12-19,-0.48,3.46,2.19,,
2023-12-20,-0.48,3.43,2.19,7724063.0,
2023-12-21,-0.44,3.41,2.19,,
2023-12-22,-0.41,3.39,2.19,,
2023-12-25,,,,,20950.5
2023-12-26,-0.37,3.37,2.18,,
2023-12-27,-0.41,3.34,2.15,7712781.0,
2023-12-28,-0.42,3.32,2.16,,
2023-12-29,-0.35,3.34,2.16,,
2023-12-31,,3.39,,,
2024-01-01,,,,,20933.1
2024-01-02,-0.38,3.54,2.21,,
2024-01-03,-0.42,3.71,2.2,7681024.0,
2024-01-04,-0.39,3.69,2.22,,
2024-01-05,-0.35,3.68,2.22,,
2024-01-08,-0.35,3.63,2.22,,20959.6
2024-01-09,-0.34,3.59,2.22,,
2024-01-10,-0.33,3.5,2.22,7686710.0,
2024-01-11,-0.28,3.55,2.22,,
2024-01-12,-0.18,3.56,2.27,,
2024-01-15,,3.54,,,20945.2
2024-01-16,-0.15,3.58,2.3,,
2024-01-17,-0.24,3.62,2.3,7673741.0,
2024-01-18,-0.2,3.58,2.34,,
2024-01-19,-0.24,3.54,2.34,,
2024-01-22,-0.26,3.49,2.31,,20815.4
2024-01-23,-0.17,3.51,2.29,,
2024-01-24,-0.16,3.44,2.3,7677230.0,
2024-01-25,-0.14,3.45,2.29,,
2024-01-26,-0.19,3.39,2.3,,
2024-01-29,-0.21,3.41,2.3,,20762.2
2024-01-30,-0.3,3.42,2.26,,
2024-01-31,-0.28,3.59,2.26,7630124.0,
2024-02-01,-0.33,3.56,2.19,,
2024-02-02,-0.33,3.47,2.21,,
2024-02-05,-0.29,3.5,2.27,,20889.3
2024-02-06,-0.3,3.52,2.24,,
2024-02-07,-0.32,3.43,2.23,7631300.0,
2024-02-08,-0.31,3.38,2.24,,
2024-02-09,-0.31,3.33,2.25,,
2024-02-12,-0.29,3.35,2.24,,20811.2
2024-02-13,-0.33,3.36,2.29,,
2024-02-14,-0.29,3.38,2.3,7633874.0,
2024-02-15,-0.32,3.35,2.3,,
2024-02-16,-0.34,3.34,2.33,,
2024-02-19,,3.34,,,20822.6
2024-02-20,-0.32,3.37,2.32,,
2024-02-21,-0.32,3.34,2.34,7581683.0,
2024-02-22,-0.36,3.22,2.31,,
2024-02-23,-0.41,3.23,2.3,,
2024-02-26,-0.41,3.23,2.31,,20811.7
2024-02-27,-0.39,3.26,2.32,,
2024-02-28,-0.37,3.31,2.33,7567807.0,
2024-02-29,-0.39,3.29,2.33,,
2024-03-01,-0.35,3.32,2.32,,
2024-03-04,-0.39,3.26,2.34,,20979.0
2024-03-05,-0.41,3.31,2.32,,
2024-03-06,-0.44,3.27,2.3,7538857.0,
2024-03-07,-0.41,3.27,2.28,,
2024-03-08,-0.39,3.26,2.28,,
2024-03-11,-0.41,3.26,2.27,,21030.4
2024-03-12,-0.42,3.2,2.3,,
2024-03-13,-0.42,3.15,2.3,7541969.0,
2024-03-14,-0.39,3.15,2.3,,
2024-03-15,-0.41,3.16,2.32,,
2024-03-18,-0.39,3.13,2.31,,21108.9
2024-03-19,-0.38,3.1,2.3,,
2024-03-20,-0.32,3.14,2.31,7514348.0,
2024-03-21,-0.35,3.05,2.34,,
2024-03-22,-0.37,3.08,2.35,,
2024-03-25,-0.29,3.11,2.33,,21062.0
2024-03-26,-0.32,3.15,2.32,,
2024-03-27,-0.34,3.15,2.32,7484739.0,
2024-03-28,-0.39,3.12,2.32,,
2024-03-29,,,,,
2024-03-31,,3.15,,,
2024-04-01,-0.39,3.12,2.35,,21237.0
2024-04-02,-0.34,3.23,2.36,,
2024-04-03,-0.32,3.23,2.36,7439558.0,
2024-04-04,-0.34,3.24,2.34,,
2024-04-05,-0.34,3.18,2.37,,
2024-04-08,-0.36,3.15,2.38,,21218.9
2024-04-09,-0.38,3.14,2.36,,
2024-04-10,-0.42,3.1,2.4,7438176.0,
2024-04-11,-0.37,3.16,2.4,,
2024-04-12,-0.38,3.25,2.39,,
2024-04-15,-0.3,3.28,2.43,,21220.0
2024-04-16,-0.3,3.36,2.43,,
2024-04-17,-0.34,3.42,2.39,7405506.0,
2024-04-18,-0.34,3.39,2.4,,
2024-04-19,-0.35,3.37,2.41,,
2024-04-22,-0.35,3.29,2.41,,20955.0
2024-04-23,-0.25,3.2,2.41,,
2024-04-24,-0.24,3.19,2.41,7402434.0,
2024-04-25,-0.26,3.24,2.42,,
2024-04-26,-0.29,3.16,2.43,,
2024-04-29,-0.34,3.12,2.41,,20871.7
2024-04-30,-0.35,3.18,2.41,,
2024-05-01,-0.33,3.21,2.38,7362474.0,
2024-05-02,-0.29,3.16,2.37,,
2024-05-03,-0.31,3.08,2.35,,
2024-05-06,-0.33,3.03,2.35,,20956.4
2024-05-07,-0.35,3.06,2.32,,
2024-05-08,-0.36,3.1,2.31,7353408.0,
2024-05-09,-0.35,3.14,2.32,,
2024-05-10,-0.37,3.12,2.34,,
2024-05-13,-0.37,3.14,2.33,,20910.4
2024-05-14,-0.36,3.14,2.33,,
2024-05-15,-0.37,3.13,2.31,7304272.0,
2024-05-16,-0.4,3.08,2.31,,
2024-05-17,-0.41,3.09,2.32,,
2024-05-20,-0.38,3.07,2.33,,20940.2
2024-05-21,-0.41,3.07,2.32,,
2024-05-22,-0.43,3.11,2.33,7299566.0,
2024-05-23,-0.44,3.1,2.3,,
2024-05-24,-0.47,3.11,2.32,,
2024-05-27,,3.12,,,20888.2
2024-05-28,-0.4,3.09,2.34,,
2024-05-29,-0.35,3.15,2.36,7284319.0,
2024-05-30,-0.37,3.19,2.36,,
2024-05-31,-0.38,3.2,2.35,,
2024-06-03,-0.41,3.17,2.33,,21034.2
2024-06-04,-0.44,3.22,2.31,,
2024-06-05,-0.43,3.2,2.3,7255687.0,
2024-06-06,-0.44,3.2,2.28,,
2024-06-07,-0.44,3.15,2.3,,
2024-06-10,-0.4,3.15,2.31,,21065.6
2024-06-11,-0.42,3.19,2.27,,
2024-06-12,-0.44,3.09,2.22,7258974.0,
2024-06-13,-0.44,3.2,2.21,,
2024-06-14,-0.47,3.29,2.17,,
2024-06-17,-0.47,3.26,2.22,,21082.5
2024-06-18,-0.47,3.24,2.21,,
2024-06-19,,3.24,,7252542.0,
2024-06-20,-0.45,3.23,2.25,,
2024-06-21,-0.45,3.21,2.23,,
2024-06-24,-0.46,3.19,2.22,,20988.1
2024-06-25,-0.42,3.19,2.22,,
2024-06-26,-0.39,3.18,2.26,7231163.0,
2024-06-27,-0.41,3.21,2.26,,
2024-06-28,-0.35,3.18,2.28,,
2024-06-30,,3.21,,,
2024-07-01,-0.29,3.21,2.32,,21028.3
2024-07-02,-0.31,3.23,2.3,,
2024-07-03,-0.35,3.25,2.27,7221520.0,
2024-07-04,,3.25,,,
2024-07-05,-0.32,3.27,2.28,,
2024-07-08,-0.34,3.2,2.27,,21096.5
2024-07-09,-0.32,3.21,2.26,,
2024-07-10,-0.34,3.17,2.27,7224079.0,
2024-07-11,-0.3,3.18,2.25,,
2024-07-12,-0.27,3.19,2.24,,
2024-07-15,-0.21,3.13,2.27,,21082.5
2024-07-16,-0.26,3.08,2.26,,
2024-07-17,-0.26,3.09,2.26,7208247.0,
2024-07-18,-0.26,3.09,2.31,,
2024-07-19,-0.24,3.09,2.32,,
2024-07-22,-0.24,3.05,2.3,,21015.8
2024-07-23,-0.15,3.02,2.29,,
2024-07-24,-0.09,3.1,2.28,7205455.0,
2024-07-25,-0.14,3.08,2.28,,
2024-07-26,-0.16,3.1,2.27,,
2024-07-29,-0.19,3.13,2.25,,20986.0
2024-07-30,-0.2,3.2,2.25,,
2024-07-31,-0.2,3.25,2.24,7178391.0,
2024-08-01,-0.17,3.35,2.2,,
2024-08-02,-0.08,3.72,2.04,,
2024-08-05,-0.11,3.93,2.07,,21151.9
2024-08-06,-0.09,3.67,2.12,,
2024-08-07,-0.04,3.57,2.11,7175256.0,
2024-08-08,-0.05,3.48,2.12,,
2024-08-09,-0.11,3.49,2.1,,
2024-08-12,-0.11,3.52,2.11,,21130.9
2024-08-13,-0.08,3.54,2.09,,
2024-08-14,-0.11,3.46,2.06,7177688.0,
2024-08-15,-0.16,3.31,2.12,,
2024-08-16,-0.17,3.29,2.08,,
2024-08-19,-0.2,3.21,2.07,,21144.9
2024-08-20,-0.17,3.25,2.07,,
2024-08-21,-0.13,3.27,2.07,7139952.0,
2024-08-22,-0.13,3.21,2.1,,
2024-08-23,-0.09,3.19,2.13,,
2024-08-26,-0.09,3.15,2.15,,21089.3
2024-08-27,0.0,3.17,2.15,,
2024-08-28,0.01,3.19,2.15,7123238.0,
2024-08-29,0.0,3.15,2.16,,
2024-08-30,0.0,3.13,2.15,,
2024-08-31,,3.17,,,
2024-09-02,,3.17,,,21189.8
2024-09-03,-0.04,3.31,2.11,,
2024-09-04,0.01,3.35,2.07,7112567.0,
2024-09-05,-0.02,3.29,2.03,,
2024-09-06,0.06,3.39,2.03,,
2024-09-09,0.02,3.36,2.04,,21276.2
2024-09-10,0.06,3.46,2.02,,
2024-09-11,0.03,3.44,2.04,7115001.0,
2024-09-12,0.04,3.39,2.05,,
2024-09-13,0.09,3.37,2.08,,
2024-09-16,0.07,3.32,2.09,,21253.9
2024-09-17,0.06,3.25,2.12,,
2024-09-18,0.09,3.21,2.12,7109137.0,
2024-09-19,0.14,3.1,2.17,,
2024-09-20,0.18,3.15,2.15,,
2024-09-23,0.18,3.15,2.17,,21151.8
2024-09-24,0.25,3.21,2.19,,
2024-09-25,0.26,3.19,2.18,7080059.0,
2024-09-26,0.19,3.14,2.16,,
2024-09-27,0.2,3.14,2.15,,
2024-09-30,0.15,3.03,2.18,,21198.4
2024-10-01,0.13,3.07,2.19,,
2024-10-02,0.16,3.06,2.21,7046925.0,
2024-10-03,0.15,3.04,2.21,,
2024-10-04,0.05,2.89,2.23,,
2024-10-07,0.04,2.95,2.27,,21284.2
2024-10-08,0.06,2.99,2.27,,
2024-10-09,0.07,2.94,2.29,7046840.0,
2024-10-10,0.11,2.99,2.33,,
2024-10-11,0.13,2.98,2.33,,
2024-10-14,,2.97,,,21256.1
2024-10-15,0.08,2.93,2.28,,
2024-10-16,0.09,2.9,2.27,7039284.0,
2024-10-17,0.13,2.89,2.3,,
2024-10-18,0.13,2.88,2.31,,
2024-10-21,0.17,2.88,2.31,,21253.2
2024-10-22,0.17,2.92,2.33,,
2024-10-23,0.17,2.95,2.31,7029408.0,
2024-10-24,0.14,2.93,2.3,,
2024-10-25,0.14,2.89,2.29,,
2024-10-28,0.16,2.82,2.29,,21221.9
2024-10-29,0.17,2.85,2.3,,
2024-10-30,0.14,2.8,2.34,7013490.0,
2024-10-31,0.12,2.88,2.33,,
2024-11-01,0.16,2.83,2.33,,
2024-11-04,0.14,2.87,2.28,,21394.8
2024-11-05,0.07,2.86,2.27,,
2024-11-06,0.15,2.74,2.38,6994299.0,
2024-11-07,0.1,2.73,2.33,,
2024-11-08,0.04,2.63,2.35,,
2024-11-11,,2.63,,,21437.6
2024-11-12,0.09,2.61,2.35,,
2024-11-13,0.17,2.64,2.35,6967108.0,
2024-11-14,0.09,2.6,2.33,,
2024-11-15,0.12,2.72,2.33,,
2024-11-18,0.13,2.72,2.34,,21478.3
2024-11-19,0.12,2.69,2.34,,
2024-11-20,0.1,2.67,2.35,6923731.0,
2024-11-21,0.09,2.61,2.34,,
2024-11-22,0.04,2.61,2.34,,
2024-11-25,0.06,2.64,2.29,,21406.2
2024-11-26,0.09,2.68,2.28,,
2024-11-27,0.06,2.69,2.26,6905140.0,
2024-11-28,,2.69,,,
2024-11-29,0.05,2.72,2.26,,
2024-11-30,,2.74,,,
2024-12-02,0.02,2.68,2.26,,21533.2
2024-12-03,0.06,2.66,2.28,,
2024-12-04,0.06,2.66,2.29,6895827.0,
2024-12-05,0.02,2.66,2.25,,
2024-12-06,0.05,2.67,2.24,,
2024-12-09,0.07,2.67,2.27,,21572.8
2024-12-10,0.07,2.67,2.29,,
2024-12-11,0.11,2.64,2.3,6897485.0,
2024-12-12,0.14,2.66,2.32,,
2024-12-13,0.15,2.68,2.33,,
2024-12-16,0.14,2.69,2.32,,21610.7
2024-12-17,0.15,2.75,2.31,,
2024-12-18,0.15,2.73,2.32,6889332.0,
2024-12-19,0.25,2.91,2.29,,
2024-12-20,0.22,2.86,2.29,,
2024-12-23,0.29,2.85,2.32,,21644.3
2024-12-24,0.3,2.86,2.35,,
2024-12-25,,,,6885963.0,
2024-12-26,0.28,2.86,2.35,,
2024-12-27,0.31,2.84,2.34,,
2024-12-30,0.31,2.94,2.31,,21660.4
2024-12-31,0.33,2.92,2.34,,
2025-01-01,,,,6852491.0,
2025-01-02,0.32,2.88,2.34,,
2025-01-03,0.32,2.81,2.34,,
2025-01-06,0.34,2.76,2.34,,21669.8
2025-01-07,0.37,2.79,2.38,,
2025-01-08,0.39,2.84,2.4,6853554.0,
2025-01-09,0.41,2.82,2.39,,
2025-01-10,0.37,2.81,2.43,,
2025-01-13,0.39,2.85,2.45,,21663.1
2025-01-14,0.41,2.8,2.44,,
2025-01-15,0.39,2.72,2.42,6834070.0,
2025-01-16,0.38,2.73,2.42,,
2025-01-17,0.34,2.64,2.41,,
2025-01-20,,2.64,,,21584.0
2025-01-21,0.28,2.61,2.38,,
2025-01-22,0.31,2.59,2.4,6831760.0,
2025-01-23,0.36,2.61,2.42,,
2025-01-24,0.36,2.6,2.43,,
2025-01-27,0.36,2.66,2.4,,21477.4
2025-01-28,0.36,2.66,2.42,,
2025-01-29,0.34,2.68,2.4,6818186.0,
2025-01-30,0.34,2.67,2.38,,
2025-01-31,0.36,2.68,2.42,,
2025-02-03,0.28,2.73,2.45,,21503.3
2025-02-04,0.31,2.71,2.44,,
2025-02-05,0.26,2.69,2.42,6810935.0,
2025-02-06,0.24,2.66,2.42,,
2025-02-07,0.2,2.67,2.42,,
2025-02-10,0.23,2.66,2.44,,21497.8
2025-02-11,0.25,2.66,2.46,,
2025-02-12,0.26,2.65,2.46,6813513.0,
2025-02-13,0.21,2.65,2.44,,
2025-02-14,0.21,2.62,2.43,,
2025-02-17,,2.62,,,21524.2
2025-02-18,0.26,2.62,2.45,,
2025-02-19,0.25,2.68,2.45,6782332.0,
2025-02-20,0.22,2.66,2.45,,
2025-02-21,0.23,2.78,2.42,,
2025-02-24,0.27,2.78,2.42,,21520.3
2025-02-25,0.23,2.84,2.38,,
2025-02-26,0.2,2.81,2.36,6766101.0,
2025-02-27,0.22,2.81,2.37,,
2025-02-28,0.25,2.87,2.38,,
2025-03-03,0.2,2.94,2.36,,21645.3
2025-03-04,0.26,2.99,2.35,,
2025-03-05,0.29,2.88,2.34,6756764.0,
2025-03-06,0.33,2.99,2.34,,
2025-03-07,0.33,2.97,2.33,,
2025-03-10,0.33,3.16,2.31,,21748.0
2025-03-11,0.34,3.22,2.31,,
2025-03-12,0.31,3.2,2.33,6759571.0,
2025-03-13,0.33,3.4,2.29,,
2025-03-14,0.29,3.25,2.3,,
2025-03-17,0.25,3.18,2.29,,21863.8
2025-03-18,0.25,3.23,2.3,,
2025-03-19,0.26,3.19,2.31,6755982.0,
2025-03-20,0.29,3.17,2.31,,
2025-03-21,0.31,3.21,2.33,,
2025-03-24,0.3,3.05,2.36,,21825.9
2025-03-25,0.35,3.09,2.35,,
2025-03-26,0.37,3.19,2.37,6740253.0,
2025-03-27,0.41,3.27,2.39,,
2025-03-28,0.38,3.47,2.37,,
2025-03-31,0.34,3.55,2.38,,21912.6
2025-04-01,0.3,3.5,2.33,,
2025-04-02,0.29,3.42,2.32,6723452.0,
2025-04-03,0.35,4.01,2.28,,
2025-04-04,0.33,4.45,2.18,,
2025-04-07,0.42,4.61,2.19,,22016.0
2025-04-08,0.55,4.57,2.22,,
2025-04-09,0.43,4.37,2.27,6727416.0,
2025-04-10,0.56,4.42,2.19,,
2025-04-11,0.52,4.26,2.2,,
2025-04-14,0.54,4.14,2.23,,22045.2
2025-04-15,0.51,4.09,2.19,,
2025-04-16,0.52,4.16,2.17,6727113.0,
2025-04-17,0.53,4.02,2.23,,
2025-04-18,,,,,
2025-04-21,0.67,4.16,2.22,,21863.0
2025-04-22,0.65,3.99,2.27,,
2025-04-23,0.59,3.75,2.29,6726930.0,
2025-04-24,0.55,3.73,2.3,,
2025-04-25,0.55,3.67,2.27,,
2025-04-28,0.56,3.73,2.25,,21703.2
2025-04-29,0.54,3.74,2.23,,
2025-04-30,0.57,3.94,2.23,6709277.0,
2025-05-01,0.55,3.78,2.25,,
2025-05-02,0.5,3.6,2.27,,
2025-05-05,0.53,3.6,2.28,,21751.1
2025-05-06,0.52,3.66,2.26,,
2025-05-07,0.48,3.67,2.25,6710889.0,
2025-05-08,0.47,3.51,2.29,,
2025-05-09,0.49,3.53,2.29,,
2025-05-12,0.47,3.15,2.29,,21738.9
2025-05-13,0.47,3.09,2.32,,
2025-05-14,0.48,3.1,2.37,6713270.0,
2025-05-15,0.49,3.2,2.34,,
2025-05-16,0.45,3.16,2.34,,
2025-05-19,0.49,3.21,2.36,,21761.7
2025-05-20,0.51,3.2,2.35,,
2025-05-21,0.58,3.25,2.35,6688726.0,
2025-05-22,0.54,3.32,2.34,,
2025-05-23,0.51,3.4,2.33,,
2025-05-26,,3.4,,,21699.0
2025-05-27,0.51,3.24,2.32,,
2025-05-28,0.51,3.23,2.32,6673244.0,
2025-05-29,0.51,3.22,2.32,,
2025-05-30,0.52,3.31,2.34,,
2025-05-31,,3.32,,,
2025-06-02,0.52,3.27,2.33,,21842.0
2025-06-03,0.5,3.19,2.32,,
2025-06-04,0.5,3.23,2.31,6672885.0,
2025-06-05,0.48,3.18,2.29,,
2025-06-06,0.47,3.09,2.31,,
2025-06-09,0.48,3.12,2.31,,21898.7
2025-06-10,0.46,3.12,2.29,,
2025-06-11,0.47,3.12,2.27,6677155.0,
2025-06-12,0.46,3.17,2.25,,
2025-06-13,0.45,3.18,2.28,,
2025-06-16,0.49,3.1,2.3,,21945.3
2025-06-17,0.45,3.17,2.31,,
2025-06-18,0.44,3.16,2.31,6681056.0,
2025-06-19,,3.16,,,
2025-06-20,0.48,3.13,2.33,,
2025-06-23,0.5,3.12,2.3,,21857.6
2025-06-24,0.55,3.06,2.29,,
2025-06-25,0.55,3.04,2.28,6662200.0,
2025-06-26,0.56,3.04,2.28,,
2025-06-27,0.56,3.02,2.29,,
2025-06-30,0.52,2.96,2.29,,21949.2
2025-07-01,0.48,2.91,2.29,,
2025-07-02,0.52,2.88,2.3,6659598.0,
2025-07-03,0.47,2.8,2.33,,
2025-07-04,,2.8,,,
2025-07-07,0.5,2.86,2.35,,22022.7
2025-07-08,0.52,2.92,2.35,,
2025-07-09,0.48,2.94,2.33,6661912.0,
2025-07-10,0.49,2.92,2.34,,
2025-07-11,0.53,2.97,2.37,,
2025-07-14,0.53,2.95,2.39,,21983.8
2025-07-15,0.55,2.95,2.41,,
2025-07-16,0.58,3.0,2.41,6659273.0,
2025-07-17,0.56,2.91,2.43,,
2025-07-18,0.56,2.93,2.41,,
2025-07-21,0.53,2.89,2.4,,21939.0
2025-07-22,0.52,2.9,2.39,,
2025-07-23,0.52,2.83,2.37,6657715.0,
2025-07-24,0.52,2.82,2.45,,
2025-07-25,0.49,2.84,2.44,,
2025-07-28,0.51,2.82,2.44,,21883.6
2025-07-29,0.48,2.86,2.43,,
2025-07-30,0.44,2.89,2.42,6642578.0,
2025-07-31,0.43,2.86,2.39,,
2025-08-01,0.54,3.13,2.33,,
2025-08-04,0.53,3.02,2.37,,22039.2
2025-08-05,0.5,2.98,2.36,,
2025-08-06,0.53,2.98,2.34,6640843.0,
2025-08-07,0.51,2.95,2.35,,
2025-08-08,0.51,2.94,2.39,,
2025-08-11,0.51,2.94,2.4,,22028.4
2025-08-12,0.57,2.93,2.38,,
2025-08-13,0.57,2.9,2.37,6643615.0,
2025-08-14,0.55,2.89,2.39,,
2025-08-15,0.58,2.88,2.38,,
2025-08-18,0.57,2.88,2.38,,22071.0
2025-08-19,0.55,2.9,2.35,,
2025-08-20,0.55,2.94,2.35,6618415.0,
2025-08-21,0.54,2.95,2.39,,
2025-08-22,0.58,2.88,2.41,,
2025-08-25,0.55,2.8,2.41,,21971.9
2025-08-26,0.65,2.78,2.42,,
2025-08-27,0.65,2.78,2.43,6603384.0,
2025-08-28,0.6,2.75,2.41,,
2025-08-29,0.64,2.82,2.41,,
2025-08-31,,2.84,,,
2025-09-01,,2.84,,,22060.0
2025-09-02,0.62,2.92,2.41,,
2025-09-03,0.61,2.88,2.4,6602071.0,
2025-09-04,0.58,2.84,2.38,,
2025-09-05,0.59,2.83,2.37,,
2025-09-08,0.56,2.84,2.35,,22139.2
2025-09-09,0.54,2.87,2.36,,
2025-09-10,0.5,2.84,2.35,6605962.0,
2025-09-11,0.49,2.78,2.34,,
2025-09-12,0.5,2.79,2.36,,
2025-09-15,0.51,2.75,2.37,,22177.0
2025-09-16,0.53,2.79,2.37,,
2025-09-17,0.54,2.79,2.38,6608597.0,
2025-09-18,0.54,2.71,2.38,,
2025-09-19,0.57,2.72,2.39,,
2025-09-22,0.54,2.69,2.37,,22058.1
2025-09-23,0.59,2.71,2.37,,
2025-09-24,0.59,2.7,2.38,6608395.0,
2025-09-25,0.54,2.76,2.38,,
2025-09-26,0.57,2.75,2.38,,
2025-09-29,0.52,2.74,2.35,,22063.0
2025-09-30,0.56,2.8,2.36,,
2025-10-01,0.57,2.81,2.35,6587119.0,
2025-10-02,0.55,2.81,2.34,,
2025-10-03,0.55,2.8,2.33,,
2025-10-06,0.58,2.76,2.34,,22208.1
2025-10-07,0.57,2.82,2.35,,
2025-10-08,0.55,2.84,2.35,6590815.0,
2025-10-09,0.54,2.95,2.34,,
2025-10-10,0.53,3.18,2.3,,
2025-10-13,,3.18,,,22182.3
2025-10-14,0.55,3.11,2.3,,
2025-10-15,0.55,2.95,2.29,6596454.0,
2025-10-16,0.58,3.04,2.28,,
2025-10-17,0.56,3.04,2.27,,
2025-10-20,0.54,2.99,2.26,,22207.4
2025-10-21,0.53,2.97,2.28,,
2025-10-22,0.52,3.01,2.29,6589533.0,
2025-10-23,0.53,2.96,2.3,,
2025-10-24,0.54,2.88,2.29,,
2025-10-27,0.53,2.8,2.28,,22097.0
2025-10-28,0.52,2.82,2.28,,
2025-10-29,0.49,2.76,2.3,6587034.0,
2025-10-30,0.5,2.85,2.29,,
2025-10-31,0.51,2.94,2.3,,
2025-11-03,0.53,3.04,2.31,,22263.9
2025-11-04,0.52,3.13,2.29,,
2025-11-05,0.54,3.05,2.3,6572732.0,
2025-11-06,0.54,3.13,2.28,,
2025-11-07,0.56,3.15,2.28,,
2025-11-10,0.55,3.02,2.29,,22232.5
2025-11-11,,3.02,,,
2025-11-12,0.52,3.02,2.27,6580462.0,
2025-11-13,0.53,3.09,2.28,,
2025-11-14,0.52,3.07,2.28,,
2025-11-17,0.53,3.13,2.28,,22292.4
2025-11-18,0.54,3.2,2.27,,
2025-11-19,0.55,3.17,2.27,6555283.0,
2025-11-20,0.55,3.17,2.24,,
2025-11-21,0.55,3.19,2.24,,
2025-11-24,0.58,3.15,2.23,,22265.7
2025-11-25,0.58,3.1,2.22,,
2025-11-26,0.55,3.0,2.23,6552419.0,
2025-11-27,,3.0,,,
2025-11-28,0.55,2.95,2.23,,
2025-11-30,,2.92,,,
2025-12-01,0.55,2.94,2.24,,22387.0
2025-12-02,0.58,2.92,2.24,,
2025-12-03,0.57,2.89,2.24,6535781.0,
2025-12-04,0.59,2.88,2.26,,
2025-12-05,0.58,2.85,2.26,,
2025-12-08,0.6,2.89,2.26,,22416.0
2025-12-09,0.57,2.89,2.26,,
2025-12-10,0.59,2.91,2.25,6539303.0,
2025-12-11,0.62,2.88,2.25,,
2025-12-12,0.67,2.91,2.26,,
2025-12-15,0.67,2.91,2.25,,22500.7
2025-12-16,0.67,2.98,2.23,,
2025-12-17,0.67,2.99,2.24,6556861.0,
2025-12-18,0.66,2.95,2.24,,
2025-12-19,0.68,2.9,2.24,,
2025-12-22,0.73,2.88,2.23,,22586.2
2025-12-23,0.7,2.83,2.24,,
2025-12-24,0.68,2.84,2.24,6581231.0,
2025-12-25,,,,,
2025-12-26,0.68,2.86,2.23,,
2025-12-29,0.67,2.87,2.22,,22634.5
2025-12-30,0.69,2.84,2.24,,
2025-12-31,0.71,2.81,2.25,6640618.0,
2026-01-01,,,,,
2026-01-02,0.72,2.83,2.25,,
2026-01-05,0.71,2.81,2.26,,22646.2
2026-01-06,0.71,2.79,2.27,,
2026-01-07,0.68,2.79,2.27,6573602.0,
2026-01-08,0.7,2.76,2.27,,
2026-01-09,0.64,2.74,2.28,,
2026-01-12,0.65,2.74,2.29,,22577.9
2026-01-13,0.65,2.75,2.3,,
2026-01-14,0.64,2.76,2.29,6581700.0,
2026-01-15,0.61,2.71,2.29,,
2026-01-16,0.65,2.65,2.33,,
2026-01-19,,2.65,,,22482.6
2026-01-20,0.7,2.73,2.33,,
2026-01-21,0.66,2.69,2.34,6584580.0,
2026-01-22,0.65,2.64,2.31,,
2026-01-23,0.64,2.68,2.32,,
2026-01-26,0.66,2.69,2.32,,22384.7
2026-01-27,0.71,2.71,2.34,,
2026-01-28,0.7,2.72,2.36,6587568.0,
2026-01-29,0.71,2.77,2.35,,
2026-01-30,0.74,2.8,2.36,,
2026-01-31,,2.88,,,
2026-02-02,0.72,2.81,2.35,,22462.7
2026-02-03,0.71,2.85,2.36,,
2026-02-04,0.72,2.86,2.35,6605909.0,
2026-02-05,0.74,2.97,2.32,,
2026-02-06,0.72,2.87,2.34,,
2026-02-09,0.74,2.84,2.35,,
2026-02-10,0.71,2.86,2.32,,
2026-02-11,0.66,2.84,2.32,6622382.0,
2026-02-12,0.62,2.92,2.29,,
2026-02-13,0.64,2.95,2.27,,
2026-02-16,,2.94,,,
2026-02-17,0.62,2.94,2.26,,
2026-02-18,0.62,2.86,2.29,6613395.0,
2026-02-19,0.61,2.88,2.29,,
2026-02-20,0.6,2.86,2.28,,
2026-02-23,0.6,2.95,2.26,,
2026-02-24,0.61,2.97,2.26,,
2026-02-25,0.6,2.94,2.28,6613797.0,
2026-02-26,0.6,2.98,2.28,,
2026-02-27,0.59,3.1,2.25,,
2026-02-28,,3.12,,,
2026-03-02,0.58,3.03,2.29,,
2026-03-03,0.55,3.08,2.29,,
2026-03-04,0.55,2.97,2.29,6628894.0,
2026-03-05,0.56,3.0,2.31,,
2026-03-06,0.59,3.13,2.35,,
2026-03-09,0.56,3.19,2.34,,
2026-03-10,0.58,3.06,2.33,,
2026-03-11,0.57,3.09,2.36,6646344.0,
2026-03-12,0.51,3.17,2.38,,
2026-03-13,0.55,3.28,2.36,,
2026-03-16,0.55,3.27,2.36,,
2026-03-17,0.52,3.22,2.37,,
2026-03-18,0.5,3.2,2.4,6655939.0,
2026-03-19,0.46,3.27,2.37,,
